,MDA_rank,MDI_rank,SFI_rank,CFI_rank,mean_rank
AMGN_open,7,34,217,17,68.75
AMGN_KAMA_10_2_30,3,138,182,37,90.0
ADBE_open,15,4,72,285,94.0
ISRG_open,35,31,240,509,203.75
QCOM_open,176,129,378,163,211.5
PYPL_EOM_28_100000000,79,102,644,118,235.75
PYPL_open,429,45,295,174,235.75
QQQ_SMA_100,588,29,65,283,241.25
GOOGL_open,31,8,54,927,255.0
TXN_open,17,16,268,767,267.0
ADBE_low,32,112,60,894,274.5
AMGN_PSARl_0.02_0.2,202,657,241,44,286.0
ADBE_EOM_28_100000000,115,139,663,229,286.5
ADBE_high,568,171,124,284,286.75
NFLX_high,53,505,509,82,287.25
ADBE_ITS_18,44,712,81,319,289.0
AAPL_open,4,3,51,1139,299.25
QQQ_VWAP_D,1,1,1,1207,302.5
QCOM_low,221,431,398,161,302.75
PYPL_OBV,622,144,326,123,303.75
QQQ_LDECAY_10,40,55,2,1144,310.25
ADBE_HMA_50,600,202,127,333,315.5
AMGN_VWAP_D,80,796,204,186,316.5
QCOM_close,77,649,385,160,317.75
MSFT_open,16,2,9,1296,330.75
QQQ_ITS_18,2,135,6,1184,331.75
AMGN_volume,86,88,1148,13,333.75
NFLX_OBV,320,173,755,89,334.25
ADBE_close,590,407,67,307,342.75
NFLX_ATRr_14,69,523,684,97,343.25
INTC_close,83,437,478,427,356.25
AMGN_EOM_28_100000000,185,232,830,185,358.0
CMCSA_OBV,166,248,722,301,359.25
PYPL_ATRr_14,406,265,648,131,362.5
ADBE_VWAP_D,537,600,84,230,362.75
INTC_ICS_52,189,314,627,338,367.0
PYPL_KCLe_40_3.0,670,373,315,130,372.0
PYPL_KAMA_10_2_30,677,409,276,138,375.0
NFLX_low,707,214,506,81,377.0
GOOG_low,260,258,28,980,381.5
AAPL_high,137,210,46,1138,382.75
QCOM_DMP_28,123,351,909,149,383.0
NFLX_ICS_52,326,520,636,59,385.25
PYPL_high,553,540,280,173,386.5
PYPL_ICS_52,435,498,413,206,388.0
PYPL_low,551,531,300,172,388.5
NFLX_WILLR_14,124,92,1246,106,392.0
TXN_high,19,535,265,766,396.25
ISRG_ATRr_14,231,167,724,466,397.0
CSCO_MACDs_24_52_18,13,485,849,262,402.25
ISRG_volume,139,66,878,530,403.25
AMGN_OBV,489,401,534,190,403.5
PYPL_MOM_50,350,230,850,199,407.25
AMZN_open,18,15,324,1273,407.5
NFLX_BBL_40_2.0,828,272,442,101,410.75
AMGN_ITS_18,792,656,151,51,412.5
PYPL_SQZ_20_2.0_20_1.5,239,447,854,116,414.0
PYPL_UO_7_14_28,110,38,1375,141,416.0
QQQ_volume,62,9,1598,1,417.5
NFLX_PSARl_0.02_0.2,408,677,477,110,418.0
NVDA_open,72,10,576,1028,421.5
INTC_MOM_50,403,166,783,343,423.75
PYPL_VWAP_D,617,674,286,119,424.0
SBUX_open,8,206,699,783,424.0
AMZN_LDECAY_10,102,266,333,999,425.0
ISRG_low,177,771,252,507,426.75
AMGN_HMA_50,512,958,234,9,428.25
AMZN_low,29,94,319,1283,431.25
CMCSA_KCUe_40_3.0,235,495,697,306,433.25
GOOGL_low,354,413,53,925,436.25
QCOM_KAMA_10_2_30,12,592,403,741,437.0
NFLX_HMA_50,720,500,493,75,447.0
NFLX_UO_7_14_28,158,64,1462,105,447.25
AMZN_PSARl_0.02_0.2,33,483,316,976,452.0
AMGN_KCUe_40_3.0,1297,193,157,169,454.0
PYPL_RVI_14,204,146,1349,124,455.75
TXN_EOM_28_100000000,303,122,693,711,457.25
AMGN_ATRr_14,433,579,714,111,459.25
ISRG_BBL_40_2.0,48,933,387,471,459.75
MSFT_OBV,14,478,111,1244,461.75
PYPL_LDECAY_10,612,803,293,140,462.0
ADBE_KCLe_40_3.0,779,738,100,241,464.5
INTC_high,507,425,498,429,464.75
CSCO_SQZ_20_2.0_20_1.5,200,190,1039,439,467.0
CSCO_MOM_50,50,589,826,411,469.0
INTC_LDECAY_10,360,669,487,368,471.0
QCOM_ITS_18,195,1171,407,113,471.5
ISRG_ITS_18,27,1096,245,543,477.75
MDLZ_LDECAY_10,264,581,553,514,478.0
MDLZ_close,276,304,558,785,480.75
NVDA_OBV,39,341,146,1404,482.5
TXN_ICS_52,506,403,336,687,483.0
ISRG_ICS_52,475,494,432,541,485.5
AMGN_WMA_50,453,1347,141,10,487.75
AMGN_BBL_40_2.0,587,1125,209,35,489.0
QQQ_OBV,43,175,537,1211,491.5
PEP_OBV,70,77,289,1539,493.75
AMGN_MOM_50,209,584,1152,30,493.75
BKNG_volume,59,5,1418,494,494.0
INTC_ENTP_20,183,671,899,224,494.25
ADBE_ADOSC_5_17,296,188,1263,232,494.75
CSCO_close,234,670,807,271,495.5
AMGN_PSARs_0.02_0.2,573,1117,251,42,495.75
BKNG_RSI_28,203,151,1149,481,496.0
ADBE_BBL_40_2.0,353,1107,281,247,497.0
ISRG_OBV,106,1196,236,458,499.0
QCOM_volume,61,103,1678,159,500.25
ADBE_ICS_52,581,874,237,317,502.25
INTC_UO_7_14_28,325,21,1324,340,502.5
ISRG_PSARl_0.02_0.2,206,941,330,536,503.25
MDLZ_ISA_18,60,484,634,836,503.5
ADBE_WILLR_14,118,41,1609,253,505.25
QQQ_IKS_52,640,142,66,1183,507.75
PYPL_PSARl_0.02_0.2,685,800,349,201,508.75
CSCO_EOM_28_100000000,396,429,778,441,511.0
GOOG_KCLe_40_3.0,523,575,35,922,513.75
INTC_EOM_28_100000000,153,626,904,374,514.25
AMGN_close,1677,170,208,2,514.25
GOOGL_high,164,924,49,926,515.75
QCOM_BBP_40_2.0,112,240,979,736,516.75
CMCSA_RVI_14,120,174,1473,302,517.25
MDLZ_RVI_14,295,86,1164,526,517.75
ISRG_EOM_28_100000000,380,525,720,453,519.5
AMGN_WILLR_14,394,207,1446,40,521.75
INTC_DCU_40_40,172,964,571,381,522.0
AMGN_CCI_20_0.015,229,275,1571,15,522.5
AMGN_ISA_18,797,962,282,53,523.5
CSCO_RSI_28,412,292,1140,257,525.25
ISRG_RVI_14,67,155,1425,459,526.5
ISRG_UO_7_14_28,105,48,1477,476,526.5
CMCSA_NVI_255,557,1063,194,294,527.0
QCOM_RVI_14,192,104,1075,742,528.25
INTC_volume,88,74,1528,426,529.0
SBUX_volume,54,24,1180,864,530.5
META_open,26,22,452,1628,532.0
TXN_UO_7_14_28,108,17,1341,677,535.75
NFLX_SQZ_20_2.0_20_1.5,439,642,1037,26,536.0
QCOM_MOM_50,318,310,776,747,537.75
ADBE_STOCHk_28_6_3,259,161,1415,322,539.25
INTC_VWAP_D,400,895,489,375,539.75
INTC_CCI_20_0.015,196,390,1220,358,541.0
AMZN_KCLe_40_3.0,22,883,298,961,541.0
QCOM_high,610,1013,379,162,541.0
AMGN_low,1684,255,212,14,541.25
ADBE_IKS_52,579,1066,202,318,541.25
ADBE_MACD_24_52_18,21,1087,731,331,542.5
QCOM_MACDs_24_52_18,243,1014,764,151,543.0
MDLZ_low,42,762,572,797,543.25
NFLX_VWAP_D,833,791,504,56,546.0
NFLX_FISHERTs_18_1,344,518,1301,23,546.5
GOOG_ITS_18,56,1162,57,916,547.75
ADBE_BBM_40_2.0,687,1045,215,246,548.25
ISRG_ISA_18,376,691,595,533,548.75
AMGN_NVI_255,543,1368,104,184,549.75
TXN_low,148,1017,274,765,551.0
AMGN_SUPERTl_14_4.0,575,1362,221,46,551.0
PEP_open,34,148,515,1509,551.5
AMGN_SUPERT_14_4.0,580,1348,238,48,553.5
GOOG_KCUe_40_3.0,420,793,69,948,557.5
BKNG_EOM_28_100000000,20,241,1308,666,558.75
CMCSA_VTXM_28,178,492,1280,288,559.5
NFLX_ROC_30,169,271,1697,107,561.0
PYPL_DCL_40_40,327,1415,377,126,561.25
PYPL_DMN_28,6,400,1626,215,561.75
QQQ_MACDs_24_52_18,47,340,666,1194,561.75
SBUX_OBV,323,370,689,872,563.5
ADBE_LDECAY_10,832,1061,96,267,564.0
ADBE_CG_10,261,223,1525,248,564.25
TXN_KCUe_40_3.0,199,1073,264,721,564.25
ADBE_VWMA_50,601,1086,242,332,565.25
AMGN_ROC_30,393,226,1604,41,566.0
AMGN_DCM_40_40,567,1365,142,193,566.75
MSFT_EOM_28_100000000,119,276,632,1240,566.75
PEP_close,23,198,521,1532,568.5
INTC_ROC_30,222,722,999,342,571.25
ADBE_CCI_20_0.015,405,162,1395,325,571.75
MDLZ_STOCHk_28_6_3,134,228,1100,826,572.0
ISRG_SMA_100,1127,471,174,518,572.5
QCOM_BBU_40_2.0,389,593,579,738,574.75
TXN_EMA_50,55,1216,271,761,575.75
INTC_BBL_40_2.0,763,655,523,364,576.25
PYPL_BBU_40_2.0,675,1151,353,134,578.25
ADBE_PSARl_0.02_0.2,686,1067,249,312,578.5
QCOM_VWMA_50,641,1116,416,142,578.75
QCOM_PSARs_0.02_0.2,338,149,1087,748,580.5
NVDA_ATRr_14,342,239,702,1041,581.0
AMGN_VWMA_50,803,1352,161,8,581.0
GILD_DMP_28,293,334,1113,585,581.25
GOOGL_LDECAY_10,356,864,47,1061,582.0
ADBE_MACDh_24_52_18,602,710,688,330,582.5
INTC_PSARs_0.02_0.2,482,916,590,344,583.0
QCOM_RSI_28,416,594,1179,146,583.75
AMGN_DMN_28,154,609,1548,27,584.5
CMCSA_ATRr_14,448,203,798,895,586.0
BKNG_RVI_14,10,58,1648,630,586.5
CSCO_ADX_28,68,897,1122,261,587.0
GILD_UO_7_14_28,210,72,1510,565,589.25
QQQ_SQZ_20_2.0_20_1.5,93,299,763,1203,589.5
CSCO_MACD_24_52_18,457,662,976,264,589.75
TXN_DMN_28,63,95,1506,696,590.0
MSFT_low,988,73,7,1294,590.5
TXN_BBM_40_2.0,140,1234,302,686,590.5
ADBE_STOCHd_28_6_3,95,750,1207,310,590.5
ADBE_SMA_100,589,1243,224,308,591.0
AMGN_LDECAY_10,1831,159,197,179,591.5
ADBE_PSARs_0.02_0.2,688,1211,159,311,592.25
TXN_volume,167,56,1385,763,592.75
AAPL_SQZ_20_2.0_20_1.5,122,238,707,1305,593.0
PYPL_MACDh_24_52_18,661,664,829,219,593.25
ADBE_OBV,1732,293,114,234,593.25
CMCSA_LDECAY_10,236,1059,790,290,593.75
ADBE_DCL_40_40,772,1106,273,226,594.25
NVDA_UO_7_14_28,97,28,1202,1050,594.25
INTC_BBU_40_2.0,761,769,461,390,595.25
GOOG_OBV,866,445,133,943,596.75
QCOM_EMA_50,644,1222,368,157,597.75
GOOGL_BBU_40_2.0,522,667,98,1111,599.5
SBUX_AO_5_34,227,384,900,888,599.75
CSCO_WILLR_14,274,288,1429,409,600.0
NFLX_ISA_18,494,1379,466,63,600.5
INTC_HMA_50,283,1173,541,407,601.0
MDLZ_RSI_28,84,441,1068,811,601.0
ISRG_MACD_24_52_18,315,414,1127,555,602.75
AAPL_MOM_50,324,325,607,1164,605.0
AMGN_high,1832,366,207,16,605.25
ISRG_DMN_28,207,772,896,550,606.25
INTC_VTXP_28,74,491,1493,367,606.25
QQQ_ISA_18,530,545,165,1186,606.5
ISRG_VTXM_28,372,450,1104,501,606.75
NFLX_open,1676,27,502,223,607.0
PYPL_CG_10,216,356,1719,137,607.0
INTC_SQZ_20_2.0_20_1.5,534,317,1224,372,611.75
SBUX_EOM_28_100000000,302,512,796,839,612.25
QCOM_VWAP_D,269,1016,386,779,612.5
AMGN_BBM_40_2.0,598,1671,149,34,613.0
PYPL_NVI_255,609,1597,139,117,615.5
PYPL_SUPERTs_14_4.0,678,1190,392,202,615.5
AMGN_BBU_40_2.0,1320,967,153,33,618.25
GILD_RVI_14,75,42,1752,605,618.5
QQQ_MACD_24_52_18,49,553,680,1196,619.5
NFLX_VWMA_50,710,1208,488,74,620.0
GOOG_close,897,569,30,991,621.75
GOOGL_CMF_30,66,164,1162,1099,622.75
AMGN_KCBe_40_3.0,596,1680,106,112,623.5
PYPL_DCM_40_40,624,1446,313,114,624.25
QQQ_SUPERTl_14_4.0,788,374,156,1179,624.25
MDLZ_WILLR_14,143,116,1421,823,625.75
NFLX_ADOSC_5_17,253,650,1520,87,627.5
CSCO_FISHERTs_18_1,358,507,1216,436,629.25
TXN_ISA_18,770,718,339,691,629.5
NFLX_KAMA_10_2_30,814,1089,512,103,629.5
PEP_KCLe_40_3.0,25,291,659,1546,630.25
QCOM_CCI_20_0.015,294,805,1275,147,630.25
CSCO_FISHERT_18_1,201,675,1208,437,630.25
NFLX_KCLe_40_3.0,1416,615,400,96,631.75
META_low,57,375,470,1626,632.0
GOOGL_SQZ_20_2.0_20_1.5,149,360,927,1093,632.25
NVDA_volume,163,118,1225,1024,632.5
MDLZ_VWMA_50,117,1005,618,791,632.75
NFLX_KCUe_40_3.0,840,1072,526,94,633.0
MDLZ_DMP_28,129,493,1125,786,633.25
MDLZ_high,618,573,544,799,633.5
COST_CMF_30,38,191,936,1372,634.25
ISRG_VWMA_50,383,1335,263,556,634.25
QCOM_CMF_30,98,91,1579,770,634.5
NFLX_PSARs_0.02_0.2,810,1099,520,109,634.5
INTC_KCUe_40_3.0,754,965,435,384,634.5
QCOM_STOCHk_28_6_3,485,654,1255,145,634.75
INTC_ITS_18,480,1184,527,352,635.75
AMGN_MACDh_24_52_18,190,643,1707,6,636.5
PYPL_WMA_50,648,1373,314,211,636.5
TXN_RVI_14,230,137,1463,717,636.75
PYPL_HMA_50,664,1374,297,222,639.25
INTC_low,734,907,491,428,640.0
ISRG_LDECAY_10,849,985,253,475,640.5
PYPL_SUPERT_14_4.0,651,1355,351,205,640.5
BKNG_CG_10,152,182,1613,617,641.0
SBUX_UO_7_14_28,211,140,1328,889,642.0
AMZN_BBU_40_2.0,529,597,480,964,642.5
PYPL_DCU_40_40,623,1468,358,125,643.5
COST_ICS_52,157,852,223,1344,644.0
PYPL_IKS_52,652,1413,310,207,645.5
AVGO_low,194,123,574,1692,645.75
AMZN_ICS_52,459,563,308,1261,647.75
INTC_open,1650,33,481,430,648.5
GOOGL_OBV,51,937,507,1100,648.75
ADBE_VTXM_28,242,844,1234,277,649.25
TXN_ATRr_14,386,873,616,724,649.75
PYPL_KCUe_40_3.0,625,1512,335,128,650.0
AVGO_EOM_28_100000000,58,369,729,1447,650.75
CSCO_STOCHk_28_6_3,136,470,1743,256,651.25
PYPL_PSARs_0.02_0.2,684,1421,306,200,652.75
AMGN_DCU_40_40,593,1659,168,192,653.0
ADBE_ISA_18,572,1453,267,321,653.25
ISRG_ADOSC_5_17,91,892,1175,456,653.5
AMZN_SQZ_20_2.0_20_1.5,272,465,874,1003,653.5
INTC_NVI_255,706,1407,129,373,653.75
AMZN_VWAP_D,885,427,328,978,654.5
PYPL_KCBe_40_3.0,668,1517,307,129,655.25
GOOGL_UO_7_14_28,193,19,1304,1105,655.25
AMGN_DCL_40_40,595,1681,154,194,656.0
GOOGL_ICS_52,493,754,311,1071,657.25
BKNG_ROC_30,258,225,1514,634,657.75
BKNG_low,188,131,1817,496,658.0
SBUX_RVI_14,319,250,1190,873,658.0
CSCO_EMA_50,527,1055,782,268,658.0
QCOM_FISHERT_18_1,255,459,1146,774,658.5
CSCO_LDECAY_10,748,660,794,435,659.25
GOOG_BBU_40_2.0,860,795,85,898,659.5
ADBE_FISHERTs_18_1,71,749,1570,252,660.5
PYPL_BBL_40_2.0,669,1417,420,136,660.5
ISRG_BBM_40_2.0,1219,695,260,470,661.0
MDLZ_UO_7_14_28,441,134,1249,822,661.5
NFLX_EOM_28_100000000,1680,184,754,29,661.75
AMZN_BBL_40_2.0,159,1147,374,967,661.75
QCOM_SMA_100,1505,646,341,158,662.5
COST_WILLR_14,155,79,1076,1347,664.25
COST_MOM_50,363,143,802,1349,664.25
ISRG_close,1599,300,254,506,664.75
AMGN_ICS_52,1828,361,423,49,665.25
INTC_IKS_52,741,1185,391,350,666.75
NFLX_MACD_24_52_18,525,1210,861,73,667.25
GOOG_STOCHk_28_6_3,168,371,1212,920,667.75
QCOM_MFI_28,186,519,1187,780,668.0
GILD_CG_10,364,303,1445,562,668.5
ADBE_ISB_52,569,1625,162,320,669.0
GOOG_ROC_30,145,354,1273,906,669.5
AMGN_IKS_52,689,1808,131,50,669.5
BKNG_STOCHk_28_6_3,179,533,1492,480,671.0
NFLX_EMA_50,724,1412,474,77,671.75
QQQ_ICS_52,626,601,285,1182,673.5
TXN_ADOSC_5_17,249,163,1569,713,673.5
NVDA_low,528,568,573,1026,673.75
AAPL_LDECAY_10,45,1284,68,1300,674.25
ADBE_SUPERTl_14_4.0,584,1545,259,314,675.5
CSCO_CG_10,473,444,1382,405,676.0
CSCO_OBV,1337,215,737,422,677.75
TXN_VTXP_28,132,365,1512,704,678.25
GOOG_BBM_40_2.0,390,1366,62,899,679.25
AMGN_UO_7_14_28,1440,107,1135,39,680.25
QCOM_OBV,1333,514,122,755,681.0
AMGN_KCLe_40_3.0,1638,868,163,57,681.5
QCOM_WMA_50,643,1546,382,156,681.75
ADBE_MACDs_24_52_18,603,1037,758,329,681.75
INTC_CMF_30,277,319,1769,366,682.75
AAPL_CG_10,267,125,1183,1158,683.25
QQQ_SUPERT_14_4.0,659,720,173,1181,683.25
MDLZ_VWAP_D,1104,544,565,521,683.5
QCOM_IKS_52,632,1220,439,447,684.5
AMZN_AO_5_34,357,598,820,970,686.25
QQQ_BBL_40_2.0,291,1136,97,1224,687.0
SBUX_BBB_40_2.0,116,392,1358,882,687.0
ADBE_EMA_50,597,1653,176,323,687.25
TXN_AO_5_34,404,783,887,676,687.5
AMZN_MACDh_24_52_18,109,476,892,1274,687.75
NFLX_MFI_28,224,790,1657,85,689.0
GILD_ROC_30,191,315,1687,567,690.0
AMGN_EMA_50,804,1830,117,11,690.5
GOOG_LDECAY_10,876,921,33,932,690.5
BKNG_ADOSC_5_17,281,227,1586,669,690.75
INTC_SMA_100,737,1390,211,425,690.75
TXN_BBU_40_2.0,767,1070,229,699,691.25
TXN_KAMA_10_2_30,826,1020,246,675,691.75
NFLX_LDECAY_10,1825,422,499,22,692.0
CMCSA_ICS_52,64,496,717,1501,694.5
CMCSA_ADOSC_5_17,373,412,1694,299,694.5
MDLZ_KCUe_40_3.0,1149,327,639,670,696.25
NFLX_KCBe_40_3.0,841,1361,490,95,696.75
GOOG_RVI_14,454,52,1338,944,697.0
PEP_UO_7_14_28,160,78,994,1556,697.0
PYPL_close,606,1722,292,171,697.75
QQQ_ISB_52,592,850,166,1185,698.25
ADBE_WMA_50,599,1683,178,334,698.5
SBUX_CCI_20_0.015,292,387,1266,852,699.25
GILD_VTXM_28,298,330,1581,591,700.0
PYPL_SMA_100,594,1723,301,183,700.25
GILD_PSARs_0.02_0.2,30,434,1771,569,701.0
QCOM_AO_5_34,343,878,840,743,701.0
AMGN_SMA_100,805,1829,160,12,701.5
ISRG_CMF_30,198,504,1647,457,701.5
NFLX_WMA_50,722,1514,495,76,701.75
ISRG_BBP_40_2.0,170,775,1398,467,702.5
ADBE_SUPERT_14_4.0,582,1567,346,316,702.75
AVGO_ISA_18,384,270,543,1614,702.75
NFLX_MOM_50,1694,200,810,108,703.0
PYPL_ISB_52,655,1701,248,209,703.25
NFLX_STOCHd_28_6_3,455,789,1505,64,703.25
CMCSA_DCM_40_40,331,1311,869,304,703.75
PYPL_VTXM_28,401,648,1601,166,704.0
GOOG_BBL_40_2.0,859,889,170,900,704.5
GOOGL_RVI_14,87,35,1595,1101,704.5
ISRG_MACDh_24_52_18,427,982,856,554,704.75
NFLX_DCU_40_40,836,1360,533,91,705.0
PYPL_EMA_50,608,1713,305,196,705.5
ADBE_NVI_255,784,1675,137,228,706.0
QQQ_BBB_40_2.0,184,534,886,1221,706.25
CMCSA_SQZ_20_2.0_20_1.5,514,474,1558,282,707.0
ADBE_DMP_28,240,717,1544,327,707.0
CSCO_ISA_18,711,1046,736,335,707.0
INTC_AO_5_34,504,1155,833,339,707.75
INTC_SUPERT_14_4.0,740,1395,352,349,709.0
ISRG_PSARs_0.02_0.2,1287,773,244,535,709.75
META_VWAP_D,175,625,471,1573,711.0
QCOM_HMA_50,642,1608,443,154,711.75
PYPL_ITS_18,653,1703,284,208,712.0
ADBE_KCUe_40_3.0,771,1633,206,238,712.0
ISRG_FISHERTs_18_1,270,893,1223,462,712.0
NFLX_close,1475,786,508,80,712.25
META_SQZ_20_2.0_20_1.5,113,329,843,1570,713.75
AMGN_SQZ_20_2.0_20_1.5,508,971,1195,182,714.0
ADBE_KCBe_40_3.0,787,1684,145,240,714.0
TXN_STOCHk_28_6_3,466,353,1346,693,714.5
AAPL_UO_7_14_28,262,46,1392,1160,715.0
GOOG_open,1841,6,20,994,715.25
SBUX_CG_10,317,283,1376,886,715.5
NFLX_SUPERTl_14_4.0,820,1479,479,84,715.5
NVDA_EOM_28_100000000,138,405,681,1639,715.75
ADBE_BBU_40_2.0,802,1693,123,245,715.75
NFLX_IKS_52,824,1475,505,60,716.0
QCOM_DCL_40_40,481,1209,444,731,716.25
MDLZ_SMA_100,634,763,675,795,716.75
NVDA_CG_10,205,260,1355,1047,716.75
PEP_LDECAY_10,197,696,503,1475,717.75
SBUX_low,313,1024,723,812,718.0
PYPL_SUPERTl_14_4.0,667,1709,296,203,718.75
AVGO_PSARs_0.02_0.2,5,1018,434,1418,718.75
ADBE_DCM_40_40,773,1637,230,237,719.25
ISRG_high,1760,376,233,508,719.25
GOOG_ICS_52,1383,274,309,914,720.0
PYPL_ISA_18,649,1699,343,198,722.25
GOOGL_BBB_40_2.0,314,577,888,1110,722.25
QQQ_RVI_14,96,105,1479,1212,723.0
ADBE_MOM_50,1817,126,641,309,723.25
AAPL_MACDh_24_52_18,304,641,823,1128,724.0
ADBE_KAMA_10_2_30,796,1823,29,249,724.25
MDLZ_HMA_50,509,1034,564,792,724.75
ADBE_DCU_40_40,774,1636,255,236,725.25
AMGN_BBB_40_2.0,605,968,1297,32,725.5
GOOG_MACDs_24_52_18,37,1010,873,982,725.5
ADBE_SUPERTs_14_4.0,585,1610,394,313,725.5
TXN_ADX_28,458,596,1128,726,727.0
CSCO_open,1814,37,787,274,728.0
TSLA_AO_5_34,180,383,619,1730,728.0
COST_DMN_28,308,372,868,1365,728.25
PYPL_BBM_40_2.0,676,1782,321,135,728.5
PYPL_VTXP_28,478,645,1637,155,728.75
NFLX_SUPERT_14_4.0,822,1476,536,83,729.25
COST_open,1186,87,210,1436,729.75
ADBE_ENTP_20,397,1058,1189,275,729.75
NFLX_ITS_18,1723,618,519,61,730.25
NVDA_WILLR_14,251,67,1553,1051,730.5
COST_SQZ_20_2.0_20_1.5,101,537,910,1378,731.5
TXN_DCU_40_40,749,1231,228,718,731.5
PYPL_VWMA_50,662,1731,323,221,734.25
QCOM_KCUe_40_3.0,621,1224,362,732,734.75
AMZN_ISB_52,1049,440,189,1264,735.5
NFLX_SUPERTs_14_4.0,818,1480,545,99,735.5
QCOM_ISB_52,635,1456,406,446,735.75
AAPL_KCUe_40_3.0,1002,716,77,1149,736.0
MDLZ_MOM_50,418,767,949,813,736.75
QCOM_KCLe_40_3.0,619,1188,409,734,737.5
QCOM_BBM_40_2.0,638,1163,411,739,737.75
PEP_HMA_50,52,833,539,1527,737.75
INTC_BBP_40_2.0,451,966,1147,388,738.0
MDLZ_ITS_18,208,1304,608,834,738.5
PEP_WMA_50,46,836,546,1528,739.0
INTC_KCLe_40_3.0,756,1401,419,386,740.5
CMCSA_MOM_50,150,345,977,1494,741.5
QCOM_ATRr_14,1326,294,612,735,741.75
MDLZ_FISHERTs_18_1,411,770,1272,515,742.0
GOOG_VWAP_D,869,1134,26,939,742.0
INTC_KCBe_40_3.0,755,1402,428,385,742.5
INTC_MACDh_24_52_18,1374,398,808,391,742.75
ISRG_CG_10,520,433,1546,472,742.75
NFLX_STOCHk_28_6_3,367,926,1614,65,743.0
COST_MFI_28,340,378,876,1382,744.0
INTC_DCM_40_40,752,1466,384,382,746.0
MSFT_AO_5_34,288,638,742,1317,746.25
NFLX_BBU_40_2.0,846,1496,554,98,748.5
MSFT_ICS_52,1033,442,203,1316,748.5
GOOGL_ADOSC_5_17,300,320,1277,1098,748.75
CSCO_BBU_40_2.0,1738,195,661,402,749.0
MDLZ_MACDh_24_52_18,147,888,1172,789,749.0
TXN_OBV,751,857,672,716,749.0
QQQ_ADOSC_5_17,244,133,1413,1209,749.75
AMZN_FISHERTs_18_1,213,469,1321,1000,750.75
TXN_PSARs_0.02_0.2,813,1227,283,681,751.0
META_BBM_40_2.0,24,927,467,1589,751.75
INTC_SUPERTs_14_4.0,731,1396,535,346,752.0
MSFT_BBL_40_2.0,1075,612,63,1259,752.25
QCOM_ICS_52,1747,256,447,560,752.5
BKNG_BBB_40_2.0,524,992,871,625,753.0
NFLX_ISB_52,825,1500,626,62,753.25
COST_LDECAY_10,1154,267,219,1374,753.5
INTC_SUPERTl_14_4.0,735,1588,344,347,753.5
MSFT_close,989,723,12,1293,754.25
PYPL_CCI_20_0.015,607,862,1342,214,756.25
SBUX_CMF_30,187,734,1235,871,756.75
INTC_DCL_40_40,753,1464,427,383,756.75
AMGN_SUPERTs_14_4.0,574,1813,596,45,757.0
TXN_MOM_50,1328,211,816,680,758.75
GILD_VTXP_28,301,388,1758,592,759.75
AAPL_low,1801,69,34,1137,760.25
INTC_FISHERT_18_1,431,622,1625,370,762.0
AMGN_BBP_40_2.0,1543,196,1278,31,762.0
AAPL_OBV,976,466,294,1312,762.0
NVDA_BBU_40_2.0,226,1039,739,1044,762.0
CSCO_DMN_28,1502,357,931,259,762.25
AAPL_HMA_50,1009,818,91,1131,762.25
PYPL_MACDs_24_52_18,660,1377,795,218,762.5
TSLA_SQZ_20_2.0_20_1.5,306,331,718,1695,762.5
SBUX_VWMA_50,351,1145,695,859,762.5
GOOG_DMN_28,128,233,1741,950,763.0
QCOM_ISA_18,1445,877,589,143,763.5
NFLX_DMP_28,1548,395,1042,69,763.5
INTC_OBV,1836,394,446,378,763.5
QQQ_WMA_50,896,944,17,1199,764.0
GILD_BBB_40_2.0,252,510,1696,602,765.0
ADBE_BBB_40_2.0,284,1048,1489,244,766.25
GOOGL_ISA_18,470,969,552,1075,766.5
INTC_ISB_52,742,1584,389,353,767.0
AAPL_volume,238,25,1670,1135,767.0
TXN_close,1811,221,275,764,767.75
COST_RSI_28,225,652,832,1363,768.0
INTC_ISA_18,743,1583,393,354,768.25
CMCSA_BBP_40_2.0,352,503,1161,1060,769.0
INTC_ZS_40,513,1194,1145,225,769.25
BKNG_high,130,639,1811,497,769.25
TXN_BBL_40_2.0,769,1235,380,698,770.5
COST_volume,81,85,1485,1432,770.75
SBUX_ISA_18,700,831,705,848,771.0
TXN_IKS_52,782,1345,272,688,771.75
SBUX_SMA_100,547,1025,653,863,772.0
GOOG_SMA_100,898,1093,109,989,772.25
PYPL_STOCHd_28_6_3,355,1008,1518,210,772.75
INTC_STOCHd_28_6_3,387,946,1408,355,774.0
QCOM_ENTP_20,539,456,1334,768,774.25
SBUX_high,487,1132,698,784,775.25
GOOG_STOCHd_28_6_3,370,866,946,919,775.25
COST_RVI_14,461,189,1067,1386,775.75
GILD_ADOSC_5_17,287,408,1807,601,775.75
NFLX_NVI_255,831,1743,485,55,778.5
GILD_CCI_20_0.015,444,687,1402,583,779.0
CSCO_PSARl_0.02_0.2,723,1213,772,413,780.25
INTC_BBM_40_2.0,762,1524,458,379,780.75
COST_ISA_18,540,956,269,1360,781.25
ADBE_ROC_30,1698,158,989,280,781.25
PYPL_AO_5_34,1325,865,769,167,781.5
CSCO_high,1692,358,804,273,781.75
CMCSA_EOM_28_100000000,1609,242,982,296,782.25
QQQ_HMA_50,1501,428,4,1198,782.75
NFLX_MACDs_24_52_18,768,1381,913,70,783.0
MSFT_high,1780,39,19,1295,783.25
NFLX_DCL_40_40,838,1770,433,93,783.5
NVDA_BBL_40_2.0,939,499,651,1046,783.75
GOOGL_MACD_24_52_18,11,1195,845,1085,784.0
GOOG_MFI_28,348,560,1289,940,784.25
AVGO_LDECAY_10,322,825,550,1441,784.5
NFLX_BBM_40_2.0,1478,1078,484,100,785.0
QQQ_EMA_50,1838,83,21,1200,785.5
GILD_DMN_28,388,690,1482,584,786.0
SBUX_MACDs_24_52_18,407,830,1054,856,786.75
CSCO_HMA_50,811,1356,726,254,786.75
NFLX_SMA_100,1419,1198,456,78,787.75
COST_ADOSC_5_17,218,411,1139,1383,787.75
BKNG_MACDh_24_52_18,413,1257,995,487,788.0
MDLZ_STOCHd_28_6_3,541,707,1069,837,788.5
AMZN_OBV,1476,436,290,954,789.0
AMGN_FISHERTs_18_1,173,1081,1726,180,790.0
QQQ_MOM_50,423,802,746,1189,790.0
COST_EOM_28_100000000,477,538,766,1380,790.25
INTC_EMA_50,730,1611,397,424,790.5
MDLZ_open,1706,98,560,800,791.0
ISRG_KCUe_40_3.0,1213,1267,222,463,791.25
TSLA_MACDs_24_52_18,41,996,525,1604,791.5
MDLZ_CMF_30,450,768,1426,524,792.0
CMCSA_STOCHk_28_6_3,266,252,1167,1483,792.0
META_ADOSC_5_17,142,183,1276,1575,794.0
ISRG_KCBe_40_3.0,1214,1268,232,464,794.5
SBUX_PSARs_0.02_0.2,440,1123,749,869,795.25
NFLX_FISHERT_18_1,474,1357,1327,24,795.5
GOOG_SUPERT_14_4.0,878,1165,231,913,796.75
SBUX_FISHERT_18_1,141,1032,1209,807,797.25
ADBE_SQZ_20_2.0_20_1.5,1544,658,760,227,797.25
NFLX_MACDh_24_52_18,1394,787,940,72,798.25
NFLX_DCM_40_40,830,1772,501,92,798.75
NVDA_DMN_28,212,172,1799,1013,799.0
CSCO_volume,1314,36,1577,270,799.25
ISRG_KCLe_40_3.0,1203,1192,340,465,800.0
SBUX_LDECAY_10,658,1033,704,805,800.0
AMGN_ISB_52,793,1805,551,52,800.25
MSFT_CMF_30,9,277,1684,1232,800.5
AAPL_BBL_40_2.0,1026,912,108,1157,800.75
MSFT_CCI_20_0.015,247,199,1423,1336,801.25
SBUX_ICS_52,1395,181,789,844,802.25
QQQ_DCL_40_40,941,947,107,1215,802.5
CMCSA_SUPERT_14_4.0,181,746,785,1500,803.0
GOOGL_BBL_40_2.0,964,945,190,1113,803.0
CSCO_ATRr_14,1605,522,687,399,803.25
CSCO_ZS_40,377,950,1454,432,803.25
TSLA_ICS_52,379,613,645,1578,803.75
BKNG_ENTP_20,333,546,1682,656,804.25
MDLZ_BBU_40_2.0,848,976,584,816,806.0
PYPL_WILLR_14,1469,128,1461,168,806.5
QCOM_SUPERTl_14_4.0,630,1428,418,751,806.75
GILD_FISHERT_18_1,307,731,1594,595,806.75
SBUX_STOCHk_28_6_3,127,1120,1133,850,807.5
MSFT_MACDh_24_52_18,375,777,750,1329,807.75
ISRG_NVI_255,1235,1442,103,452,808.0
NVDA_RSI_28,214,347,1661,1011,808.25
COST_BBU_40_2.0,1160,457,220,1396,808.25
INTC_WMA_50,738,1612,460,423,808.25
META_high,498,661,449,1627,808.75
GOOGL_KCLe_40_3.0,966,1109,55,1107,809.25
NVDA_CCI_20_0.015,100,562,1564,1012,809.5
AAPL_BBB_40_2.0,279,934,872,1154,809.75
CSCO_STOCHd_28_6_3,171,1049,1770,255,811.25
SBUX_MFI_28,392,840,1163,854,812.25
AAPL_CCI_20_0.015,271,262,1593,1123,812.25
AAPL_MFI_28,254,463,1226,1309,813.0
AVGO_CCI_20_0.015,133,152,1251,1717,813.25
MDLZ_ICS_52,1539,295,588,832,813.5
GILD_AO_5_34,182,781,1727,564,813.5
AAPL_DCM_40_40,1001,942,136,1175,813.5
AMGN_ENTP_20,424,1004,1651,175,813.5
CSCO_SUPERTs_14_4.0,721,1444,676,414,813.75
MSFT_ROC_30,131,253,1551,1320,813.75
MDLZ_VTXP_28,483,981,1279,513,814.0
COST_UO_7_14_28,371,106,1434,1346,814.25
INTC_ATRr_14,1630,475,767,387,814.75
SBUX_HMA_50,536,1139,725,860,815.0
ISRG_VTXP_28,248,894,1628,490,815.0
MSFT_ISA_18,998,899,31,1332,815.0
GOOG_DCU_40_40,865,1349,102,945,815.25
QQQ_KAMA_10_2_30,1178,859,3,1226,816.5
GOOG_DMP_28,491,565,1233,979,817.0
TSLA_close,519,236,902,1613,817.5
AVGO_KCUe_40_3.0,449,1121,304,1402,819.0
NFLX_volume,1655,30,1513,79,819.25
ISRG_ENTP_20,510,986,1284,499,819.75
GOOG_HMA_50,901,1320,73,986,820.0
INTC_VWMA_50,801,1613,475,393,820.5
QQQ_VTXM_28,111,676,1354,1142,820.75
CMCSA_VWAP_D,1457,724,805,297,820.75
PEP_volume,161,82,1515,1531,822.25
MSFT_ADOSC_5_17,311,168,1568,1243,822.5
AAPL_BBU_40_2.0,1028,993,115,1155,822.75
AMGN_ADX_28,339,1142,1808,4,823.25
AVGO_volume,82,51,1488,1676,824.25
QCOM_NVI_255,556,1715,250,777,824.5
PYPL_SQZ_NO,613,1620,953,115,825.25
CSCO_ICS_52,1834,323,728,418,825.75
AAPL_AO_5_34,501,979,677,1148,826.25
TXN_NVI_255,766,1651,179,710,826.5
CMCSA_DMP_28,286,501,1063,1456,826.5
GILD_MOM_50,467,508,1765,568,827.0
GOOGL_KCUe_40_3.0,968,1144,93,1104,827.25
AMZN_ATRr_14,495,1202,652,962,827.75
NFLX_CCI_20_0.015,1520,410,1314,67,827.75
AAPL_close,1005,1119,52,1136,828.0
BKNG_PSARl_0.02_0.2,151,699,1827,637,828.5
TXN_HMA_50,1441,785,329,759,828.5
AVGO_RVI_14,237,89,1563,1427,829.0
AMZN_STOCHk_28_6_3,349,352,1348,1267,829.0
TXN_SMA_100,586,1704,266,762,829.5
QCOM_PSARl_0.02_0.2,637,1507,425,749,829.5
INTC_ADOSC_5_17,538,628,1775,377,829.5
ISRG_STOCHk_28_6_3,499,939,1336,547,830.25
CMCSA_ZS_40,546,1239,1252,287,831.0
AMGN_SQZ_NO,558,1646,952,170,831.5
SBUX_FISHERTs_18_1,500,761,1260,806,831.75
CSCO_BBL_40_2.0,698,1388,841,404,832.75
TSLA_MACDh_24_52_18,365,620,743,1605,833.25
ADBE_UO_7_14_28,1642,96,1317,279,833.5
ISRG_BBU_40_2.0,1579,918,371,469,834.25
COST_VTXP_28,245,817,903,1373,834.5
NVDA_CMF_30,268,217,1210,1643,834.5
AVGO_BBU_40_2.0,332,1182,417,1408,834.75
CSCO_IKS_52,714,1508,756,365,835.75
MSFT_BBU_40_2.0,1077,938,78,1256,837.25
TXN_WMA_50,570,1702,317,760,837.25
INTC_RVI_14,1708,80,1182,380,837.5
CSCO_NVI_255,757,1571,583,440,837.75
CSCO_AO_5_34,1603,448,901,406,839.5
INTC_PSARl_0.02_0.2,1375,1167,472,345,839.75
CSCO_DCU_40_40,729,1554,657,420,840.0
CSCO_ITS_18,713,1509,801,337,840.0
CMCSA_CCI_20_0.015,220,344,1320,1481,841.25
PEP_EOM_28_100000000,233,342,1322,1468,841.25
GOOGL_DMP_28,368,566,1351,1081,841.5
NFLX_BBP_40_2.0,1574,396,1310,86,841.5
TSLA_BBB_40_2.0,310,680,691,1688,842.25
CSCO_SUPERT_14_4.0,716,1409,827,417,842.25
META_CG_10,65,127,1560,1618,842.5
NVDA_ADOSC_5_17,104,359,1267,1642,843.0
MDLZ_EMA_50,631,1307,642,794,843.5
TXN_VWAP_D,1364,1021,277,712,843.5
ISRG_EMA_50,1126,1494,226,531,844.25
CMCSA_DCU_40_40,552,1841,683,303,844.75
TXN_LDECAY_10,1840,556,278,705,844.75
NFLX_AO_5_34,1298,923,1056,104,845.25
MSFT_CG_10,246,185,1665,1286,845.5
COST_CG_10,273,251,1501,1357,845.5
TXN_DCM_40_40,694,1686,288,719,846.75
ADBE_CMF_30,1467,153,1536,233,847.25
GILD_KCLe_40_3.0,518,516,1746,611,847.75
QCOM_MACDh_24_52_18,1471,875,894,152,848.0
CMCSA_open,847,286,791,1470,848.5
GOOGL_CG_10,382,488,1412,1114,849.0
ISRG_HMA_50,1124,1492,227,557,850.0
MSFT_LDECAY_10,1064,1084,18,1234,850.0
TSLA_DMP_28,465,389,945,1602,850.25
ADBE_AO_5_34,1733,686,732,250,850.25
GILD_SQZ_20_2.0_20_1.5,347,928,1530,597,850.5
AVGO_high,447,736,514,1707,851.0
MSFT_KAMA_10_2_30,1074,983,32,1315,851.0
GILD_LDECAY_10,346,728,1740,593,851.75
GOOG_VWMA_50,902,1419,101,985,851.75
GOOG_high,1839,559,23,992,853.25
TXN_ISB_52,780,1688,257,690,853.75
AMZN_WMA_50,1039,735,366,1278,854.5
QQQ_BBP_40_2.0,398,348,1452,1220,854.5
CSCO_BBM_40_2.0,699,1541,777,403,855.0
MSFT_VWAP_D,1087,1080,14,1241,855.5
PEP_CCI_20_0.015,121,220,1562,1519,855.5
ISRG_WMA_50,1125,1493,258,546,855.5
COST_KCUe_40_3.0,1169,653,218,1390,857.5
AAPL_FISHERT_18_1,114,624,1390,1303,857.75
ADBE_volume,1646,75,1416,295,858.0
AVGO_AO_5_34,219,880,922,1412,858.25
CSCO_CCI_20_0.015,1490,362,1325,258,858.75
TXN_VWMA_50,657,1700,320,758,858.75
QCOM_SUPERTs_14_4.0,636,1503,547,750,859.0
SBUX_ENTP_20,335,849,1451,801,859.0
SBUX_NVI_255,565,1794,239,838,859.0
TXN_KCBe_40_3.0,708,1716,291,722,859.25
CSCO_BBB_40_2.0,1359,747,930,401,859.25
SBUX_ISB_52,695,1247,650,847,859.75
SBUX_RSI_28,490,607,1491,851,859.75
MDLZ_DMN_28,456,884,1290,810,860.0
QCOM_DMN_28,1789,257,1250,148,861.0
BKNG_WILLR_14,1423,101,1288,633,861.25
QCOM_LDECAY_10,1736,548,390,772,861.5
QQQ_SUPERTs_14_4.0,690,1236,345,1178,862.25
BKNG_AO_5_34,257,1157,1407,631,863.0
AAPL_DCL_40_40,973,1126,125,1229,863.25
ISRG_DCU_40_40,1246,1504,243,460,863.25
CSCO_KAMA_10_2_30,696,1604,761,394,863.75
SBUX_WMA_50,747,1137,712,861,864.25
BKNG_DMN_28,1540,204,1232,483,864.75
INTC_WILLR_14,1596,178,1345,341,865.0
QCOM_EOM_28_100000000,1751,218,713,778,865.0
BKNG_SUPERTs_14_4.0,858,1451,513,638,865.0
CSCO_RVI_14,1699,197,1144,421,865.25
NFLX_RVI_14,1761,132,1481,90,866.0
COST_low,438,1367,225,1434,866.0
ISRG_KAMA_10_2_30,1430,1296,270,473,867.25
NVDA_SMA_100,542,1233,671,1023,867.25
AMZN_PSARs_0.02_0.2,1056,1077,364,975,868.0
ISRG_VWAP_D,1508,1265,247,454,868.5
GOOGL_FISHERT_18_1,337,835,1240,1062,868.5
TXN_ITS_18,781,1687,318,689,868.75
CSCO_KCLe_40_3.0,703,1189,1185,398,868.75
AMZN_KAMA_10_2_30,1061,1097,348,969,868.75
MDLZ_volume,1498,93,1090,796,869.25
GOOG_KCBe_40_3.0,862,1663,15,937,869.25
NVDA_KAMA_10_2_30,938,901,604,1036,869.75
MSFT_VTXP_28,125,564,1559,1233,870.25
AMGN_RVI_14,1495,156,1641,191,870.75
CSCO_ISB_52,712,1510,926,336,871.0
ISRG_RSI_28,1338,502,1097,548,871.25
ADBE_RVI_14,1771,63,1417,235,871.5
MDLZ_KCLe_40_3.0,1381,755,678,672,871.5
GOOGL_VWAP_D,1296,1053,44,1096,872.25
CSCO_SMA_100,819,1353,1049,269,872.5
CMCSA_SQZ_NO,562,1676,964,293,873.75
ISRG_DCM_40_40,1254,1505,287,449,873.75
TXN_DCL_40_40,692,1714,369,720,873.75
GOOG_EMA_50,899,1586,24,988,874.25
GOOG_WMA_50,900,1555,56,987,874.5
AMZN_KCBe_40_3.0,971,1225,342,960,874.5
INTC_SQZ_NO,697,1471,960,371,874.75
NFLX_VTXP_28,1429,511,1539,21,875.0
TSLA_ATRr_14,463,435,917,1686,875.25
AAPL_PSARl_0.02_0.2,1023,1179,135,1166,875.75
GILD_FISHERTs_18_1,381,925,1605,594,876.25
GOOGL_close,1510,954,40,1005,877.25
BKNG_MACD_24_52_18,409,898,1715,488,877.5
QCOM_DCU_40_40,680,1664,412,754,877.5
AAPL_KCBe_40_3.0,1004,1275,87,1150,879.0
AAPL_CMF_30,162,281,1767,1311,880.25
AAPL_KAMA_10_2_30,1025,1298,43,1159,881.25
NFLX_SQZ_NO,783,1750,968,25,881.5
MDLZ_PSARs_0.02_0.2,1166,973,563,825,881.75
AAPL_VWMA_50,1010,1266,121,1130,881.75
AMGN_STOCHk_28_6_3,790,961,1737,43,882.75
PYPL_volume,1661,71,1607,195,883.5
TXN_KCLe_40_3.0,719,1717,375,723,883.5
QQQ_CCI_20_0.015,85,636,1624,1190,883.75
AAPL_ICS_52,1742,321,303,1171,884.25
GOOGL_EMA_50,912,1522,42,1063,884.75
TXN_SUPERTs_14_4.0,843,1734,279,683,884.75
CSCO_DMP_28,1806,187,1287,260,885.0
QCOM_KCBe_40_3.0,620,1800,388,733,885.25
ADBE_MFI_28,1679,326,1305,231,885.25
AVGO_VTXP_28,78,826,1201,1440,886.25
MDLZ_OBV,1108,1322,591,525,886.5
MDLZ_MFI_28,1339,574,1112,522,886.75
AVGO_VWAP_D,531,1012,559,1448,887.5
NVDA_high,919,1038,568,1027,888.0
CMCSA_low,633,634,818,1467,888.0
AMZN_EOM_28_100000000,1389,426,745,993,888.25
CMCSA_ROC_30,282,259,1522,1493,889.0
SBUX_close,746,1237,709,865,889.25
PEP_RSI_28,76,576,1389,1518,889.75
CSCO_DCL_40_40,727,1556,881,395,889.75
QCOM_STOCHd_28_6_3,1377,1094,944,144,889.75
GOOGL_SMA_100,911,1523,120,1006,890.0
CMCSA_FISHERT_18_1,563,1217,1490,292,890.5
MSFT_HMA_50,993,1248,8,1313,890.5
GILD_STOCHd_28_6_3,290,900,1797,580,891.75
GOOGL_PSARl_0.02_0.2,956,1393,152,1066,891.75
COST_OBV,1580,249,355,1384,892.0
NFLX_RSI_28,1439,391,1674,66,892.5
PYPL_BBP_40_2.0,1379,455,1606,132,893.0
ISRG_IKS_52,1259,1477,299,542,894.25
AMGN_MACDs_24_52_18,1414,792,1368,5,894.75
GOOGL_ITS_18,951,1470,86,1073,895.0
TXN_SUPERT_14_4.0,834,1712,350,685,895.25
QQQ_PSARl_0.02_0.2,1842,515,48,1177,895.5
GOOG_SUPERTs_14_4.0,853,1416,404,910,895.75
SBUX_PSARl_0.02_0.2,823,1124,768,868,895.75
SBUX_BBU_40_2.0,776,1317,609,883,896.25
INTC_DMN_28,1749,423,1055,359,896.5
TSLA_CG_10,297,180,1428,1683,897.0
AMZN_BBM_40_2.0,1003,1215,405,966,897.25
AMGN_SUPERTd_14_4.0,576,1810,1158,47,897.75
MDLZ_BBM_40_2.0,1195,975,605,817,898.0
ADBE_RSI_28,1795,264,1211,324,898.5
GOOGL_SUPERTs_14_4.0,943,1180,408,1067,899.5
TXN_MACD_24_52_18,1392,468,984,756,900.0
MSFT_PSARl_0.02_0.2,1069,1197,11,1323,900.0
AVGO_FISHERTs_18_1,263,666,1229,1442,900.0
CSCO_VTXP_28,1442,487,1239,434,900.5
MSFT_ITS_18,1000,1256,16,1330,900.5
GOOGL_BBP_40_2.0,146,1035,1312,1109,900.5
AAPL_ENTP_20,144,1068,1095,1297,901.0
AAPL_KCLe_40_3.0,1031,1364,59,1151,901.25
ISRG_SUPERTs_14_4.0,1286,1327,455,537,901.25
NFLX_ZS_40,1703,490,1394,19,901.5
AVGO_FISHERT_18_1,99,860,1205,1443,901.75
ISRG_MOM_50,1796,379,898,534,901.75
TXN_CCI_20_0.015,1315,280,1318,695,902.0
NVDA_WMA_50,922,1043,624,1020,902.25
ISRG_WILLR_14,1586,246,1274,503,902.25
AMGN_AO_5_34,1634,673,1268,38,903.25
TXN_PSARl_0.02_0.2,839,1733,361,682,903.75
COST_HMA_50,1192,829,181,1413,903.75
MDLZ_MACD_24_52_18,366,764,1698,790,904.5
GOOGL_IKS_52,952,1450,144,1072,904.5
BKNG_CCI_20_0.015,1566,278,1292,482,904.5
GOOGL_SUPERTl_14_4.0,955,1394,201,1068,904.5
GOOG_FISHERTs_18_1,521,951,1214,933,904.75
TXN_SUPERTl_14_4.0,842,1735,360,684,905.25
META_CCI_20_0.015,215,336,1404,1666,905.25
MDLZ_BBP_40_2.0,1554,318,939,814,906.25
MSFT_SMA_100,990,1294,50,1291,906.25
COST_PSARl_0.02_0.2,1152,955,167,1351,906.25
ISRG_SUPERT_14_4.0,1317,1328,441,540,906.5
MSFT_WMA_50,992,1271,76,1289,907.0
COST_VWMA_50,1193,856,180,1399,907.0
COST_KAMA_10_2_30,1157,904,205,1369,908.75
NFLX_CG_10,1546,557,1435,102,910.0
ISRG_SQZ_20_2.0_20_1.5,1362,697,1130,451,910.0
GOOGL_WMA_50,944,1520,88,1088,910.0
GOOGL_HMA_50,945,1519,90,1087,910.25
AVGO_ITS_18,1120,721,430,1371,910.5
ISRG_DCL_40_40,1229,1506,448,461,911.0
NVDA_ICS_52,1514,114,674,1342,911.0
QCOM_DCM_40_40,679,1812,431,730,913.0
QQQ_ENTP_20,312,861,1340,1140,913.25
NFLX_ADX_28,1552,788,1257,58,913.75
NFLX_DMN_28,1784,119,1686,68,914.25
BKNG_ATRr_14,1415,702,918,623,914.5
AAPL_RSI_28,385,814,1337,1122,914.5
GOOGL_KCBe_40_3.0,967,1565,22,1106,915.0
AMGN_DMP_28,1311,959,1391,3,916.0
COST_high,1187,828,216,1435,916.5
GOOG_PSARl_0.02_0.2,1830,799,132,908,917.25
GOOG_ISB_52,881,1513,359,917,917.5
SBUX_MACD_24_52_18,103,1026,1683,858,917.5
MSFT_KCLe_40_3.0,1079,1336,5,1252,918.0
CSCO_MACDh_24_52_18,1625,853,932,263,918.25
CSCO_VWMA_50,812,1760,838,265,918.75
META_ATRr_14,526,932,633,1585,919.0
AAPL_SUPERTl_14_4.0,1022,1350,140,1168,920.0
GOOGL_NVI_255,913,1491,183,1094,920.25
GOOGL_VWMA_50,946,1516,134,1086,920.5
ADBE_SUPERTd_14_4.0,583,1748,1036,315,920.5
CSCO_ROC_30,1336,1041,897,410,921.0
CSCO_KCBe_40_3.0,704,1710,875,397,921.5
NVDA_FISHERT_18_1,316,416,1319,1635,921.5
TXN_MACDh_24_52_18,1307,539,1114,727,921.75
NVDA_ROC_30,460,587,1588,1052,921.75
CMCSA_WMA_50,645,742,837,1463,921.75
MDLZ_NVI_255,1146,1766,256,519,921.75
NVDA_close,920,1175,570,1025,922.5
CSCO_DCM_40_40,728,1559,986,419,923.0
CSCO_SQZ_NO,765,1536,954,438,923.25
META_KAMA_10_2_30,328,1301,445,1619,923.25
CMCSA_KCBe_40_3.0,665,1308,828,893,923.5
QCOM_SUPERT_14_4.0,1094,1432,415,753,923.5
ADBE_SQZ_NO,808,1685,950,251,923.5
GOOG_DCL_40_40,863,1737,148,947,923.75
COST_WMA_50,1191,879,196,1429,923.75
CSCO_SUPERTd_14_4.0,717,1472,1091,416,924.0
GILD_VWAP_D,395,1001,1700,600,924.0
NVDA_MACDh_24_52_18,452,730,1499,1017,924.5
QCOM_MACD_24_52_18,1664,1135,747,153,924.75
GOOGL_CCI_20_0.015,228,963,1431,1079,925.25
AMGN_MFI_28,1438,479,1599,187,925.75
AAPL_ISA_18,1015,1146,410,1133,926.0
ISRG_SUPERTl_14_4.0,1295,1499,372,538,926.0
SBUX_KCUe_40_3.0,806,1315,706,877,926.0
AAPL_EOM_28_100000000,1594,186,623,1307,927.5
NVDA_PSARl_0.02_0.2,933,1083,640,1055,927.75
TSLA_VTXP_28,265,332,1414,1700,927.75
META_BBL_40_2.0,241,1299,555,1617,928.0
CSCO_low,845,1798,797,272,928.0
PYPL_STOCHk_28_6_3,1607,363,1531,212,928.25
MDLZ_PSARl_0.02_0.2,1167,1105,615,827,928.5
AMGN_CG_10,1568,481,1629,36,928.5
COST_STOCHd_28_6_3,472,957,924,1361,928.5
TXN_CMF_30,750,726,1523,715,928.5
ISRG_AO_5_34,1437,774,1002,502,928.75
GILD_NVI_255,1024,1277,817,598,929.0
META_KCUe_40_3.0,464,1297,373,1582,929.0
META_EMA_50,341,1400,356,1622,929.75
QQQ_PSARs_0.02_0.2,815,1679,25,1201,930.0
GOOG_DCM_40_40,864,1791,119,946,930.0
QCOM_ZS_40,544,1433,988,757,930.5
AMZN_MOM_50,1058,782,908,974,930.5
BKNG_VTXP_28,1342,458,1265,659,931.0
GOOGL_BBM_40_2.0,965,1569,80,1112,931.5
MSFT_KCBe_40_3.0,1081,1337,61,1251,932.5
AMGN_CMF_30,1538,285,1718,189,932.5
GILD_WILLR_14,1523,110,1532,566,932.75
PYPL_SUPERTd_14_4.0,666,1708,1153,204,932.75
PYPL_FISHERT_18_1,1421,526,1645,139,932.75
QQQ_VWMA_50,963,1535,36,1197,932.75
GOOGL_SUPERT_14_4.0,953,1382,327,1070,933.0
PEP_SQZ_20_2.0_20_1.5,410,529,1316,1479,933.5
INTC_SUPERTd_14_4.0,736,1587,1064,348,933.75
SBUX_BBL_40_2.0,785,1318,751,885,934.75
MSFT_KCUe_40_3.0,1082,1338,71,1250,935.25
ISRG_STOCHd_28_6_3,1263,610,1326,545,936.0
GOOG_FISHERT_18_1,511,1076,1227,934,937.0
INTC_MACD_24_52_18,1729,737,893,392,937.75
CMCSA_MFI_28,1367,583,1504,298,938.0
MDLZ_SUPERTs_14_4.0,1201,1303,421,828,938.25
PEP_DMN_28,402,694,1138,1520,938.5
GOOG_IKS_52,879,1822,138,915,938.5
PEP_PSARs_0.02_0.2,445,1289,462,1560,939.0
GOOGL_DCM_40_40,957,1578,118,1103,939.0
QQQ_FISHERTs_18_1,135,1009,1444,1173,940.25
TXN_SQZ_20_2.0_20_1.5,1352,855,846,709,940.5
ADBE_BBP_40_2.0,1822,224,1475,243,941.0
GOOG_SUPERTl_14_4.0,852,1809,193,911,941.25
GOOGL_DCU_40_40,942,1594,128,1102,941.5
GILD_ISA_18,1707,683,800,579,942.25
QQQ_ROC_30,1365,290,914,1202,942.75
INTC_DMP_28,1618,165,1631,360,943.5
MSFT_BBM_40_2.0,1076,1331,83,1285,943.75
AAPL_ITS_18,1017,1502,95,1161,943.75
ADBE_ATRr_14,1812,1050,673,242,944.25
PEP_KCUe_40_3.0,1216,549,473,1544,945.5
SBUX_SQZ_20_2.0_20_1.5,1515,588,870,809,945.5
GOOG_NVI_255,871,1790,186,936,945.75
INTC_BBB_40_2.0,1604,908,883,389,946.0
ISRG_SQZ_NO,936,1438,962,450,946.5
AAPL_MACDs_24_52_18,1012,1092,557,1127,947.0
AMZN_NVI_255,887,1640,261,1004,948.0
PEP_SMA_100,1148,679,437,1530,948.5
QQQ_EOM_28_100000000,1671,216,701,1206,948.5
QQQ_BBM_40_2.0,1179,1354,39,1223,948.75
GOOGL_DCL_40_40,969,1539,195,1092,948.75
PEP_DMP_28,479,449,1347,1521,949.0
AMGN_ZS_40,554,1655,1411,176,949.0
CMCSA_CG_10,399,261,1650,1488,949.5
BKNG_SQZ_20_2.0_20_1.5,1477,296,1361,664,949.5
MDLZ_AO_5_34,1573,480,925,821,949.75
PEP_KCBe_40_3.0,446,1285,524,1545,950.0
MDLZ_VTXM_28,1786,328,1176,512,950.5
CSCO_ENTP_20,732,1387,1253,431,950.75
GILD_PSARl_0.02_0.2,275,1169,1794,570,952.0
AMGN_VTXM_28,1533,798,1300,177,952.0
GOOG_BBB_40_2.0,1302,794,815,897,952.0
QCOM_UO_7_14_28,1388,53,1627,744,953.0
QCOM_CG_10,1636,209,1241,729,953.75
SBUX_ADX_28,156,1027,1778,855,954.0
ISRG_CCI_20_0.015,1499,150,1619,549,954.25
AVGO_DCM_40_40,1119,872,402,1425,954.5
MDLZ_BBB_40_2.0,436,977,1592,815,955.0
TSLA_DMN_28,36,399,1785,1601,955.25
CSCO_SUPERTl_14_4.0,718,1474,1215,415,955.5
AMGN_VTXP_28,1433,542,1669,178,955.5
AVGO_MACD_24_52_18,232,1028,839,1726,956.25
NFLX_SUPERTd_14_4.0,821,1478,1455,71,956.25
QCOM_BBB_40_2.0,1391,807,895,737,957.5
QQQ_DCM_40_40,947,1595,79,1214,958.75
GOOGL_ISB_52,950,1445,367,1074,959.0
CSCO_WMA_50,827,1825,921,266,959.75
ISRG_ISB_52,1332,1330,635,544,960.25
QQQ_BBU_40_2.0,1105,1487,27,1222,960.25
META_ICS_52,1361,177,647,1658,960.75
MSFT_SQZ_20_2.0_20_1.5,1727,121,757,1238,960.75
GOOG_KAMA_10_2_30,1536,1370,37,902,961.25
GOOG_PSARs_0.02_0.2,855,1007,1096,896,963.5
AAPL_ATRr_14,1481,558,664,1152,963.75
CSCO_UO_7_14_28,1717,54,1677,408,964.0
GILD_ADX_28,1621,692,929,614,964.0
QCOM_WILLR_14,1640,208,1264,745,964.25
MSFT_VTXM_28,430,765,1405,1257,964.25
AMZN_VWMA_50,1041,1128,414,1276,964.75
MDLZ_BBL_40_2.0,1765,685,593,818,965.25
PEP_BBP_40_2.0,73,623,1617,1548,965.25
CMCSA_MACDs_24_52_18,126,744,1533,1458,965.25
PYPL_CMF_30,1645,350,1749,122,966.5
MDLZ_CCI_20_0.015,1567,322,1184,798,967.75
GILD_VWMA_50,1047,1290,889,646,968.0
NVDA_ADX_28,250,834,1774,1015,968.25
PYPL_MACD_24_52_18,1435,1375,848,220,969.5
PEP_ADOSC_5_17,345,528,1204,1804,970.25
TXN_WILLR_14,1778,47,1379,678,970.5
AAPL_IKS_52,1018,1550,143,1172,970.75
PYPL_BBB_40_2.0,1356,604,1792,133,971.25
CMCSA_CMF_30,1432,377,1776,300,971.25
GOOG_ENTP_20,280,1102,1576,928,971.5
AAPL_BBM_40_2.0,1027,1623,82,1156,972.0
MSFT_IKS_52,1032,1465,64,1328,972.25
PYPL_ENTP_20,611,1346,1768,164,972.25
MSFT_DMP_28,515,443,1596,1338,973.0
CSCO_ADOSC_5_17,1610,194,1644,444,973.0
AAPL_VWAP_D,978,1566,41,1308,973.25
COST_ENTP_20,496,1040,906,1454,974.0
COST_FISHERT_18_1,486,882,1155,1376,974.75
ISRG_MFI_28,1466,776,1206,455,975.75
PEP_VWMA_50,1097,732,548,1526,975.75
MSFT_ISB_52,999,1463,113,1331,976.5
AMZN_DCM_40_40,1345,1204,401,957,976.75
ADBE_DMN_28,1820,477,1286,326,977.25
BKNG_UO_7_14_28,1752,60,1465,632,977.25
INTC_VTXM_28,1632,513,1484,281,977.5
CMCSA_MACDh_24_52_18,28,743,1680,1459,977.5
SBUX_WILLR_14,1764,157,1099,890,977.5
AMZN_IKS_52,1051,1238,363,1262,978.5
GOOGL_KAMA_10_2_30,1641,1090,70,1115,979.0
SBUX_SUPERTs_14_4.0,809,1665,575,867,979.0
MSFT_SUPERT_14_4.0,1034,1431,126,1327,979.5
AVGO_PSARaf_0.02_0.2,309,714,1085,1810,979.5
GOOG_UO_7_14_28,1799,40,1177,904,980.0
META_DMP_28,165,602,1487,1668,980.5
MDLZ_KAMA_10_2_30,1196,1300,606,820,980.5
TSLA_open,1412,61,834,1616,980.75
SBUX_EMA_50,733,1634,694,862,980.75
MSFT_RVI_14,1447,108,1124,1246,981.25
GOOG_ADOSC_5_17,1750,154,1081,941,981.5
PEP_CG_10,428,420,1527,1553,982.0
AAPL_ROC_30,1690,192,885,1163,982.5
MSFT_SUPERTl_14_4.0,1067,1429,110,1325,982.75
AAPL_DCU_40_40,974,1570,158,1230,983.0
SBUX_IKS_52,691,1670,727,845,983.25
SBUX_ITS_18,693,1660,735,846,983.5
SBUX_VWAP_D,591,1796,708,840,983.75
MSFT_MOM_50,1613,301,700,1321,983.75
MSFT_EMA_50,991,1582,74,1290,984.25
PYPL_MFI_28,1593,555,1671,120,984.75
SBUX_SUPERT_14_4.0,726,1668,703,843,985.0
NVDA_MACD_24_52_18,924,837,1165,1018,986.0
COST_close,1351,948,213,1433,986.25
QQQ_KCLe_40_3.0,1245,1469,13,1218,986.25
AMZN_DMP_28,107,842,1725,1271,986.25
TXN_ENTP_20,535,1088,1543,782,987.0
CMCSA_RSI_28,94,1047,1332,1482,988.75
BKNG_WMA_50,426,1212,1826,491,988.75
SBUX_MOM_50,1686,524,855,892,989.25
ADBE_FISHERT_18_1,1531,603,1584,239,989.25
AMGN_ADOSC_5_17,1460,582,1728,188,989.5
GOOGL_MOM_50,1710,312,847,1089,989.5
TXN_BBB_40_2.0,1714,709,824,714,990.25
ADBE_ZS_40,1459,1060,1166,276,990.25
AMGN_RSI_28,1794,550,1589,28,990.25
AMZN_MFI_28,1308,279,1409,965,990.25
AAPL_SUPERT_14_4.0,1526,1095,172,1170,990.75
AMZN_HMA_50,1040,1314,334,1277,991.25
AMZN_RVI_14,1648,234,1129,955,991.5
SBUX_SUPERTl_14_4.0,715,1666,721,866,992.0
MSFT_ATRr_14,1066,935,715,1253,992.25
BKNG_open,1576,84,1812,498,992.5
BKNG_VWAP_D,217,1273,1814,667,992.75
MSFT_VWMA_50,994,1601,75,1301,992.75
GILD_ISB_52,1063,1549,781,578,992.75
ISRG_BBB_40_2.0,1215,891,1401,468,993.75
CMCSA_IKS_52,647,745,1082,1502,994.0
BKNG_VTXM_28,1598,282,1440,657,994.25
COST_ATRr_14,1553,339,692,1393,994.25
CMCSA_STOCHd_28_6_3,329,1052,1092,1506,994.75
AVGO_ATRr_14,1583,307,685,1405,995.0
AMZN_EMA_50,1038,1310,354,1279,995.25
GOOG_CCI_20_0.015,1418,421,1222,923,996.0
AMZN_DCU_40_40,882,1711,436,956,996.25
AVGO_RSI_28,92,725,1449,1719,996.25
GOOG_MOM_50,1793,452,836,907,997.0
INTC_CG_10,1657,611,1377,351,999.0
QQQ_MFI_28,89,1064,1636,1208,999.25
PYPL_ADX_28,1299,665,1819,217,1000.0
PYPL_ROC_30,1616,432,1756,197,1000.25
AVGO_open,1719,20,556,1706,1000.25
INTC_STOCHk_28_6_3,1592,517,1537,356,1000.5
MDLZ_DCU_40_40,1110,1785,580,527,1000.5
INTC_MACDs_24_52_18,1463,1391,788,362,1001.0
MDLZ_WMA_50,764,1828,620,793,1001.25
GILD_SUPERT_14_4.0,471,1160,1805,573,1002.25
AMZN_DCL_40_40,970,1707,376,958,1002.75
NFLX_ENTP_20,1485,847,1662,18,1003.0
MDLZ_SQZ_20_2.0_20_1.5,1344,632,1521,517,1003.5
QQQ_MACDh_24_52_18,1306,703,811,1195,1003.75
MDLZ_DCL_40_40,1114,1787,586,529,1004.0
AMZN_RSI_28,421,757,1572,1268,1004.5
GILD_DCU_40_40,1029,1572,813,606,1005.0
META_DMN_28,256,659,1439,1667,1005.25
MSFT_DCL_40_40,1083,1632,58,1249,1005.5
BKNG_ADX_28,1507,1166,865,485,1005.75
QCOM_VTXM_28,1411,547,1296,769,1005.75
AAPL_WMA_50,1008,1799,99,1120,1006.5
QCOM_BBL_40_2.0,1772,1015,500,740,1006.75
AAPL_NVI_255,980,1553,192,1306,1007.75
INTC_KAMA_10_2_30,1819,1397,454,363,1008.25
AMZN_KCUe_40_3.0,880,1738,457,959,1008.5
AVGO_SMA_100,1136,843,383,1677,1009.75
CMCSA_ENTP_20,1303,748,1703,286,1010.0
QQQ_DCU_40_40,909,1831,89,1213,1010.5
CSCO_BBP_40_2.0,1756,527,1360,400,1010.75
QCOM_SQZ_NO,566,1732,970,775,1010.75
MDLZ_SUPERT_14_4.0,1826,766,621,831,1011.0
ISRG_FISHERT_18_1,1681,644,1248,474,1011.75
BKNG_MFI_28,1762,287,1331,668,1012.0
CMCSA_VTXP_28,1509,733,1519,289,1012.5
TSLA_MOM_50,1547,176,599,1728,1012.5
GILD_SUPERTl_14_4.0,1073,1543,867,572,1013.75
TXN_SQZ_NO,745,1648,955,708,1014.0
MDLZ_EOM_28_100000000,1099,1343,1094,520,1014.0
TSLA_KCBe_40_3.0,174,446,1755,1681,1014.0
TSLA_volume,1666,18,762,1612,1014.5
SBUX_ATRr_14,1833,760,587,880,1015.0
TXN_BBP_40_2.0,1387,482,1467,725,1015.25
NFLX_CMF_30,1791,614,1573,88,1016.5
GILD_ICS_52,1089,621,1781,575,1016.5
QQQ_NVI_255,1036,1643,184,1205,1017.0
PEP_VTXM_28,336,903,1356,1473,1017.0
QQQ_KCBe_40_3.0,1244,1600,10,1216,1017.5
INTC_RSI_28,1530,668,1517,357,1018.0
AMZN_ISA_18,1048,1223,538,1265,1018.5
MDLZ_DCM_40_40,1113,1786,649,528,1019.0
QCOM_ADOSC_5_17,1562,467,1271,781,1020.25
GOOG_SQZ_20_2.0_20_1.5,1608,567,983,924,1020.5
TSLA_OBV,1405,179,806,1694,1021.0
AVGO_KCBe_40_3.0,1116,1230,337,1403,1021.5
QQQ_KCUe_40_3.0,1236,1609,38,1204,1021.75
MSFT_PSARs_0.02_0.2,1355,637,773,1322,1021.75
INTC_FISHERTs_18_1,1624,472,1623,369,1022.0
AAPL_EMA_50,1007,1839,112,1132,1022.5
AMZN_WILLR_14,1587,160,1371,972,1022.5
COST_IKS_52,1189,1358,188,1356,1022.75
AMZN_BBP_40_2.0,361,1219,1549,963,1023.0
CSCO_VWAP_D,1713,1130,809,442,1023.5
TXN_DMP_28,1669,543,1186,697,1023.75
CMCSA_KAMA_10_2_30,443,1305,859,1489,1024.0
MSFT_MFI_28,503,978,1374,1242,1024.25
GILD_PSARaf_0.02_0.2,488,779,1048,1784,1024.75
AMZN_close,1600,887,332,1282,1025.25
ADBE_VTXP_28,1695,886,1243,278,1025.5
COST_NVI_255,1170,1449,105,1379,1025.75
AAPL_SMA_100,1006,1834,130,1134,1026.0
SBUX_DCU_40_40,791,1802,637,874,1026.0
GILD_ZS_40,532,1274,1708,590,1026.0
PEP_MFI_28,305,1177,1101,1523,1026.5
COST_VWAP_D,1128,1385,214,1381,1027.0
INTC_MFI_28,1601,473,1663,376,1028.25
PYPL_FISHERTs_18_1,1474,858,1658,127,1029.25
TSLA_low,1347,237,862,1672,1029.5
TXN_CG_10,1746,297,1403,674,1030.0
COST_BBL_40_2.0,1158,1406,187,1370,1030.25
COST_BBM_40_2.0,1159,1405,175,1385,1031.0
COST_SUPERT_14_4.0,1176,1359,235,1355,1031.25
MDLZ_ADOSC_5_17,1725,404,1474,523,1031.5
PEP_BBL_40_2.0,1283,681,610,1552,1031.5
ISRG_DMP_28,1399,415,1762,551,1031.75
PEP_FISHERT_18_1,362,740,1550,1477,1032.25
META_STOCHk_28_6_3,417,438,1611,1664,1032.5
CMCSA_ISB_52,646,1485,496,1504,1032.75
MSFT_MACD_24_52_18,1385,778,656,1314,1033.25
BKNG_SQZ_NO,886,1619,966,663,1033.5
META_LDECAY_10,1754,349,468,1566,1034.25
GILD_volume,1715,26,1747,651,1034.75
TSLA_VTXM_28,278,462,1699,1701,1035.0
GILD_SQZ_NO,1014,1561,973,596,1036.0
MSFT_DCM_40_40,1084,1768,45,1248,1036.25
QCOM_SQZ_20_2.0_20_1.5,1647,881,844,776,1037.0
NVDA_KCBe_40_3.0,1212,1287,613,1039,1037.75
SBUX_SQZ_NO,555,1818,971,808,1038.0
SBUX_ADOSC_5_17,604,1313,1366,870,1038.25
MSFT_MACDs_24_52_18,995,1158,660,1340,1038.25
SBUX_BBM_40_2.0,778,1811,682,884,1038.75
GOOGL_RSI_28,1464,419,1196,1078,1039.25
MDLZ_ZS_40,1134,1340,1174,511,1039.75
GOOGL_volume,1730,49,1432,951,1040.5
GOOG_WILLR_14,1631,147,1483,905,1041.5
AMZN_UO_7_14_28,1823,11,1362,971,1041.75
MDLZ_CG_10,1472,368,1508,819,1041.75
COST_EMA_50,1190,1363,185,1430,1042.0
AVGO_NVI_255,1180,1448,94,1446,1042.0
AMGN_FISHERT_18_1,1470,797,1721,181,1042.25
AAPL_MACD_24_52_18,1011,1447,582,1129,1042.25
BKNG_DMP_28,1569,406,1710,484,1042.25
SBUX_VTXP_28,1709,306,1352,804,1042.75
NFLX_VTXM_28,1651,812,1693,20,1044.0
AVGO_OBV,1358,599,792,1428,1044.25
COST_KCLe_40_3.0,1482,1153,150,1392,1044.25
SBUX_KCBe_40_3.0,799,1806,696,878,1044.75
CMCSA_DCL_40_40,550,1838,1486,305,1044.75
GOOG_ISA_18,1420,1420,422,918,1045.0
NVDA_HMA_50,1354,1207,611,1008,1045.0
GOOG_CMF_30,1678,570,991,942,1045.25
SBUX_DCM_40_40,794,1803,710,875,1045.5
MSFT_NVI_255,1088,1764,92,1239,1045.75
AMZN_SUPERTs_14_4.0,1400,1228,440,1117,1046.25
AMZN_SUPERTl_14_4.0,1054,1652,476,1007,1047.25
AVGO_DMP_28,321,729,1430,1712,1048.0
GILD_open,1512,367,1659,655,1048.25
CSCO_CMF_30,1777,324,1652,445,1049.5
MDLZ_ADX_28,469,1131,1813,787,1050.0
AMZN_volume,1473,23,1424,1281,1050.25
GILD_WMA_50,1059,1616,879,648,1050.5
META_EOM_28_100000000,1480,417,734,1572,1050.75
QQQ_AO_5_34,1606,663,711,1227,1051.75
MSFT_BBB_40_2.0,415,1101,1441,1255,1053.0
AVGO_WMA_50,1138,1029,365,1685,1054.25
PYPL_DMP_28,1643,608,1751,216,1054.5
GILD_SMA_100,1060,1607,905,650,1055.5
PYPL_ADOSC_5_17,1584,801,1716,121,1055.5
AVGO_KAMA_10_2_30,1109,1229,486,1400,1056.0
BKNG_NVI_255,893,909,1759,665,1056.5
AVGO_MOM_50,1595,461,753,1417,1056.5
MSFT_DCU_40_40,1085,1779,116,1247,1056.75
MDLZ_KCBe_40_3.0,1150,1778,628,671,1056.75
PEP_high,1329,870,497,1534,1057.5
SBUX_KCLe_40_3.0,775,1807,770,879,1057.75
SBUX_ROC_30,1452,758,1131,891,1058.0
TSLA_high,1289,509,819,1615,1058.0
CMCSA_FISHERTs_18_1,1456,1114,1372,291,1058.25
MSFT_SUPERTs_14_4.0,1068,1443,399,1324,1058.5
AAPL_WILLR_14,1649,62,1367,1162,1060.0
MSFT_UO_7_14_28,1408,14,1503,1318,1060.75
MDLZ_ROC_30,1449,298,1673,824,1061.0
GOOGL_ATRr_14,1370,1022,744,1108,1061.0
GILD_CMF_30,1561,309,1773,603,1061.5
MSFT_WILLR_14,1425,65,1437,1319,1061.5
CSCO_KCUe_40_3.0,705,1383,1764,396,1062.0
GOOGL_PSARs_0.02_0.2,958,1178,1047,1065,1062.0
TXN_RSI_28,1743,201,1610,694,1062.0
PEP_MACDs_24_52_18,374,1112,1244,1522,1063.0
NVDA_ITS_18,1549,1056,617,1034,1064.0
NVDA_DMP_28,925,841,1476,1014,1064.0
AAPL_SUPERTs_14_4.0,1348,1371,370,1167,1064.0
SBUX_KAMA_10_2_30,837,1814,719,887,1064.25
MDLZ_FISHERT_18_1,1581,931,1231,516,1064.75
GOOGL_WILLR_14,1745,109,1315,1090,1064.75
GILD_ATRr_14,1691,381,1575,612,1064.75
GOOG_EOM_28_100000000,1711,846,765,938,1065.0
META_RSI_28,419,823,1353,1665,1065.0
PEP_STOCHk_28_6_3,1450,169,1126,1517,1065.5
ISRG_ROC_30,1597,635,1500,532,1066.0
CMCSA_SMA_100,629,1430,741,1465,1066.25
CMCSA_ITS_18,628,1333,803,1503,1066.75
MDLZ_ATRr_14,1360,402,1777,728,1066.75
ISRG_ZS_40,926,1263,1580,500,1067.25
AVGO_close,1759,273,562,1675,1067.25
GILD_KCUe_40_3.0,977,1575,1115,609,1069.0
GILD_MACDh_24_52_18,1045,995,1621,615,1069.0
GILD_BBU_40_2.0,985,1000,1704,587,1069.0
GOOGL_STOCHk_28_6_3,1619,439,1143,1076,1069.25
TXN_VTXM_28,1489,606,1480,703,1069.5
BKNG_SMA_100,962,987,1841,493,1070.75
BKNG_FISHERT_18_1,1529,705,1388,662,1071.0
PEP_NVI_255,1316,1293,169,1507,1071.25
CMCSA_PSARs_0.02_0.2,682,1334,774,1495,1071.25
SBUX_DMP_28,1667,832,933,853,1071.25
CMCSA_high,1511,530,775,1469,1071.25
AMZN_MACDs_24_52_18,1043,1115,857,1272,1071.75
META_ADX_28,223,869,1526,1669,1071.75
COST_DMP_28,1718,313,891,1366,1072.0
GILD_EOM_28_100000000,1731,205,1754,599,1072.25
BKNG_FISHERTs_18_1,1500,706,1422,661,1072.25
COST_DCU_40_40,1173,1540,191,1387,1072.75
GILD_SUPERTd_14_4.0,1078,1544,1108,561,1072.75
CMCSA_SUPERTl_14_4.0,672,1342,780,1498,1073.0
MDLZ_ISB_52,1107,1761,592,835,1073.75
SBUX_DCL_40_40,795,1804,821,876,1074.0
SBUX_SUPERTd_14_4.0,725,1667,1065,842,1074.75
AAPL_BBP_40_2.0,1775,386,987,1153,1075.25
CSCO_VTXM_28,1555,739,1574,433,1075.25
AMGN_MACD_24_52_18,800,1840,1654,7,1075.25
GOOG_AO_5_34,1436,1079,884,903,1075.5
NVDA_SUPERTs_14_4.0,932,1792,522,1056,1075.5
PEP_ICS_52,1223,1042,528,1511,1076.0
GOOG_volume,1685,76,1557,990,1077.0
CSCO_MFI_28,1705,430,1731,443,1077.25
AMZN_ITS_18,1050,1678,322,1263,1078.25
AAPL_RVI_14,1763,70,1193,1287,1078.25
GOOGL_EOM_28_100000000,1776,590,853,1095,1078.5
BKNG_ICS_52,1837,59,1803,616,1078.75
GILD_high,1062,915,1685,654,1079.0
CMCSA_KCLe_40_3.0,663,1819,1387,448,1079.25
GILD_BBM_40_2.0,1612,1280,851,574,1079.25
COST_DCM_40_40,1172,1614,147,1388,1080.25
QCOM_FISHERTs_18_1,1683,713,1156,773,1081.25
BKNG_SUPERTd_14_4.0,1335,1254,1098,640,1081.75
NVDA_VWMA_50,923,1718,668,1019,1082.0
GOOG_ATRr_14,1728,952,740,909,1082.25
COST_SUPERTl_14_4.0,1174,1603,200,1353,1082.5
NVDA_PSARs_0.02_0.2,934,1742,601,1054,1082.75
COST_SUPERTs_14_4.0,1151,1482,347,1352,1083.0
AVGO_KCLe_40_3.0,1115,1218,438,1563,1083.5
COST_KCBe_40_3.0,1168,1598,177,1391,1083.5
META_FISHERT_18_1,414,753,1600,1568,1083.75
COST_DCL_40_40,1171,1622,155,1389,1084.25
AVGO_ICS_52,1767,554,594,1424,1084.75
TXN_FISHERT_18_1,1660,605,1369,707,1085.25
CMCSA_EMA_50,639,1427,812,1464,1085.5
BKNG_ISA_18,1327,698,1840,478,1085.75
ISRG_MACDs_24_52_18,1276,1323,1192,553,1086.0
TXN_MACDs_24_52_18,798,1697,1150,700,1086.25
PEP_ATRr_14,1724,385,690,1547,1086.5
AMZN_SUPERT_14_4.0,1052,1644,424,1231,1087.75
QCOM_ADX_28,1565,876,1760,150,1087.75
AVGO_IKS_52,1098,1241,450,1562,1087.75
META_MACDs_24_52_18,484,1372,825,1670,1087.75
QCOM_VTXP_28,1522,595,1464,771,1088.0
GILD_KCBe_40_3.0,979,1576,1188,610,1088.25
GILD_ITS_18,1065,998,1714,577,1088.5
AAPL_STOCHk_28_6_3,1783,113,1339,1121,1089.0
AVGO_SUPERTl_14_4.0,1102,1205,638,1421,1091.5
GILD_BBP_40_2.0,1494,627,1634,613,1092.0
MDLZ_SQZ_NO,1141,1773,951,505,1092.5
MDLZ_SUPERTl_14_4.0,1162,1755,625,829,1092.75
PEP_AO_5_34,299,1276,1245,1555,1093.75
AMZN_PSARaf_0.02_0.2,285,1074,1197,1819,1093.75
PEP_RVI_14,1446,136,1254,1540,1094.0
COST_STOCHk_28_6_3,1462,647,907,1362,1094.5
AMGN_PSARaf_0.02_0.2,476,885,1238,1781,1095.0
AMZN_FISHERT_18_1,1792,305,1282,1001,1095.0
GOOGL_ROC_30,1551,486,1269,1077,1095.75
QQQ_SQZ_NO,984,1260,967,1174,1096.25
SBUX_PSARaf_0.02_0.2,432,756,1393,1805,1096.5
TXN_ROC_30,1382,1019,1306,679,1096.5
META_BBU_40_2.0,1217,1075,510,1588,1097.5
GOOG_RSI_28,1800,222,1419,949,1097.5
QQQ_UO_7_14_28,1722,7,1438,1228,1098.75
AVGO_BBP_40_2.0,1390,308,1291,1406,1098.75
NVDA_EMA_50,921,1832,622,1022,1099.25
NVDA_STOCHk_28_6_3,1770,263,1359,1010,1100.5
META_PSARs_0.02_0.2,1209,1031,511,1652,1100.75
CMCSA_BBU_40_2.0,1741,380,799,1485,1101.25
SBUX_PSARr_0.02_0.2,468,1122,1009,1806,1101.25
META_VTXM_28,517,715,1582,1591,1101.25
CMCSA_VWMA_50,627,1436,882,1461,1101.5
BKNG_STOCHd_28_6_3,1627,988,1313,479,1101.75
CMCSA_BBB_40_2.0,359,854,1712,1484,1102.25
ISRG_SUPERTd_14_4.0,1285,1498,1089,539,1102.75
MSFT_ENTP_20,434,972,1748,1258,1103.0
COST_BBP_40_2.0,1483,629,911,1394,1104.25
AVGO_SUPERT_14_4.0,1100,1226,670,1423,1104.75
NVDA_BBM_40_2.0,1093,1626,655,1045,1104.75
AVGO_BBM_40_2.0,1112,1518,381,1409,1105.0
SBUX_DMN_28,1588,521,1472,841,1105.5
AVGO_DCU_40_40,1147,1537,312,1426,1105.5
PEP_ISB_52,1123,1295,492,1514,1106.0
AVGO_EMA_50,1137,1272,331,1684,1106.0
AMGN_STOCHd_28_6_3,1492,1127,1753,54,1106.5
CMCSA_PSARaf_0.02_0.2,90,1321,1242,1777,1107.5
AMZN_VTXP_28,1557,809,1066,998,1107.5
MDLZ_IKS_52,1177,1759,665,833,1108.5
TSLA_ROC_30,1662,268,771,1733,1108.5
META_SMA_100,1248,1399,164,1623,1108.5
META_PSARaf_0.02_0.2,425,1143,1110,1757,1108.75
GOOG_BBP_40_2.0,1455,949,1117,921,1110.5
AAPL_ISB_52,1016,1695,585,1146,1110.5
GOOGL_ADX_28,492,1410,1459,1082,1110.75
PEP_WILLR_14,1363,145,1380,1557,1111.25
PYPL_RSI_28,1578,863,1793,213,1111.75
GOOGL_MACDh_24_52_18,1331,1203,831,1084,1112.25
MSFT_volume,1644,12,1502,1292,1112.5
AMZN_high,1827,1003,338,1284,1113.0
PEP_DCU_40_40,1210,1172,532,1541,1113.75
PEP_PSARr_0.02_0.2,422,1278,1013,1744,1114.25
NVDA_MFI_28,391,811,1616,1641,1114.75
AVGO_BBL_40_2.0,1111,1186,752,1410,1114.75
AVGO_UO_7_14_28,1798,50,1199,1414,1115.25
GOOGL_FISHERTs_18_1,1461,751,1217,1035,1116.0
NVDA_SUPERT_14_4.0,929,1827,654,1059,1117.25
BKNG_MOM_50,1670,454,1711,635,1117.5
AVGO_PSARl_0.02_0.2,1668,822,561,1419,1117.5
COST_ISB_52,1197,1745,171,1359,1118.0
BKNG_BBL_40_2.0,856,1154,1835,628,1118.25
QQQ_WILLR_14,1755,32,1471,1217,1118.75
QQQ_DMP_28,1558,536,1191,1192,1119.25
AMGN_PSARr_0.02_0.2,571,1118,1008,1780,1119.25
QQQ_ATRr_14,1591,930,738,1219,1119.5
NVDA_DCL_40_40,1280,1548,614,1037,1119.75
GOOGL_STOCHd_28_6_3,949,1408,1060,1064,1120.25
NVDA_IKS_52,928,1836,669,1049,1120.5
GILD_STOCHk_28_6_3,1810,302,1790,581,1120.75
AVGO_WILLR_14,1521,97,1450,1415,1120.75
AVGO_BBB_40_2.0,330,1181,1565,1407,1120.75
AMZN_MACD_24_52_18,1042,1316,858,1275,1122.75
COST_SMA_100,1188,1677,198,1431,1123.5
GOOG_VTXP_28,1403,616,1545,931,1123.75
BKNG_KCUe_40_3.0,906,1149,1822,620,1124.25
CMCSA_DMN_28,1518,254,1247,1480,1124.75
PEP_VWAP_D,1208,1292,494,1508,1125.5
BKNG_BBP_40_2.0,1575,631,1672,624,1125.5
NVDA_ISA_18,1813,845,814,1033,1126.25
GILD_MACD_24_52_18,1046,1174,1642,644,1126.5
NVDA_KCUe_40_3.0,1225,1577,667,1038,1126.75
AMZN_SMA_100,1037,1835,357,1280,1127.25
GOOG_CG_10,1629,572,1410,901,1128.0
BKNG_VWMA_50,948,1258,1830,477,1128.25
GOOG_SQZ_NO,875,1740,963,935,1128.25
BKNG_IKS_52,868,1255,1833,559,1128.75
GOOGL_MACDs_24_52_18,1371,929,1132,1083,1128.75
AMZN_ROC_30,1556,355,1633,973,1129.25
BKNG_HMA_50,960,1259,1810,489,1129.5
GILD_MACDs_24_52_18,1409,1288,1236,588,1130.25
GOOG_ZS_40,877,1489,1230,929,1131.25
NVDA_ZS_40,289,1140,1468,1630,1131.75
NVDA_ISB_52,927,1795,786,1021,1132.25
QQQ_SUPERTd_14_4.0,578,1694,1079,1180,1132.75
TXN_MFI_28,1665,489,1681,701,1134.0
BKNG_CMF_30,1622,617,1639,658,1134.0
GOOG_MACD_24_52_18,1768,871,915,984,1134.5
AMZN_SQZ_NO,890,1682,965,1002,1134.75
NVDA_SUPERTl_14_4.0,931,1824,730,1057,1135.5
TSLA_EOM_28_100000000,1688,424,733,1699,1136.0
COST_ITS_18,1199,1788,199,1358,1136.0
AAPL_PSARs_0.02_0.2,1453,141,1786,1165,1136.25
META_DCM_40_40,1222,1264,483,1580,1137.25
BKNG_BBU_40_2.0,850,1251,1823,626,1137.5
NVDA_RVI_14,1559,269,1383,1343,1138.5
PEP_ISA_18,1121,1326,597,1515,1139.75
NVDA_KCLe_40_3.0,1284,1618,629,1040,1142.75
GOOGL_AO_5_34,1393,1201,863,1116,1143.25
PEP_PSARl_0.02_0.2,1262,1152,598,1561,1143.25
COST_ROC_30,1155,919,1151,1348,1143.25
SBUX_BBP_40_2.0,1503,1030,1159,881,1143.25
QQQ_STOCHk_28_6_3,1701,346,1350,1176,1143.25
AMZN_ADOSC_5_17,1726,235,1638,977,1144.0
TSLA_MACD_24_52_18,1818,688,464,1606,1144.0
AVGO_SQZ_20_2.0_20_1.5,1376,867,890,1445,1144.5
NVDA_NVI_255,1238,1071,631,1638,1144.5
PEP_low,1321,1221,516,1533,1147.75
BKNG_close,1384,896,1816,495,1147.75
CMCSA_UO_7_14_28,1513,90,1498,1491,1148.0
GILD_KAMA_10_2_30,987,1281,1761,563,1148.0
AMZN_CG_10,1652,284,1689,968,1148.25
AVGO_CG_10,1451,335,1397,1411,1148.5
GOOGL_PSARr_0.02_0.2,437,1389,1019,1751,1149.0
NVDA_BBP_40_2.0,1774,397,1384,1042,1149.25
TSLA_LDECAY_10,1135,851,916,1697,1149.75
NVDA_MOM_50,1744,752,1052,1053,1150.25
GILD_close,1611,619,1724,652,1151.5
COST_AO_5_34,1582,815,864,1345,1151.5
AVGO_CMF_30,1491,124,1540,1451,1151.5
TXN_STOCHd_28_6_3,777,1690,1448,692,1151.75
CMCSA_SUPERTs_14_4.0,673,1776,662,1497,1152.0
AVGO_MACDs_24_52_18,1142,970,779,1720,1152.75
GOOG_MACDh_24_52_18,1739,1011,880,983,1153.25
QQQ_STOCHd_28_6_3,1517,541,1370,1187,1153.75
META_NVI_255,1257,1533,262,1571,1155.75
META_BBB_40_2.0,1218,980,842,1587,1156.75
META_PSARl_0.02_0.2,1324,1023,630,1653,1157.5
NVDA_DCU_40_40,1234,1564,716,1119,1158.25
TXN_SUPERTd_14_4.0,835,1725,1400,673,1158.25
SBUX_ZS_40,616,1837,1381,802,1159.0
BKNG_KCLe_40_3.0,908,1270,1837,622,1159.25
AAPL_VTXP_28,1712,333,1311,1288,1161.0
BKNG_MACDs_24_52_18,910,1467,1783,486,1161.5
AMZN_CMF_30,1319,810,1567,953,1162.25
BKNG_ITS_18,870,1457,1820,504,1162.75
GILD_low,1300,994,1705,653,1163.0
PEP_DCM_40_40,1256,1286,569,1542,1163.25
GOOG_SUPERTd_14_4.0,851,1797,1093,912,1163.25
PEP_SUPERTs_14_4.0,1267,1525,325,1538,1163.75
ISRG_ADX_28,1274,1103,1732,552,1165.25
AAPL_DMN_28,1675,81,1782,1124,1165.5
NVDA_PSARr_0.02_0.2,502,1339,1015,1820,1169.0
TSLA_WILLR_14,1369,99,1478,1732,1169.5
CMCSA_PSARr_0.02_0.2,683,1246,1011,1741,1170.25
CMCSA_close,1704,741,784,1455,1171.0
SBUX_STOCHd_28_6_3,1525,1206,1105,849,1171.25
AVGO_SUPERTs_14_4.0,1103,1696,469,1420,1172.0
GILD_EMA_50,1486,1176,1378,649,1172.25
PEP_BBU_40_2.0,1496,1100,549,1550,1173.75
COST_MACD_24_52_18,1720,838,748,1398,1176.0
MDLZ_ENTP_20,1687,920,1587,510,1176.0
COST_PSARr_0.02_0.2,505,1398,1029,1775,1176.75
META_KCLe_40_3.0,1220,1481,426,1584,1177.75
QQQ_CMF_30,1815,43,1643,1210,1177.75
CMCSA_WILLR_14,1527,243,1453,1492,1178.75
META_RVI_14,1497,111,1534,1577,1179.75
BKNG_EMA_50,961,1434,1832,492,1179.75
GOOGL_SUPERTd_14_4.0,954,1585,1111,1069,1179.75
PEP_IKS_52,1202,1425,581,1512,1180.0
PEP_ITS_18,1145,1501,566,1513,1181.25
GILD_RSI_28,1402,997,1745,582,1181.5
BKNG_ISB_52,872,1458,1842,558,1182.5
AMZN_ENTP_20,895,1150,1692,995,1183.0
TSLA_PSARl_0.02_0.2,1270,44,1709,1714,1184.25
MSFT_RSI_28,1785,247,1373,1335,1185.0
AMZN_VTXM_28,1444,808,1494,997,1185.75
AMZN_BBB_40_2.0,1458,784,1552,952,1186.5
AVGO_VTXM_28,1349,418,1542,1439,1187.0
QCOM_ROC_30,1805,591,1608,746,1187.5
NVDA_DCM_40_40,1233,1530,646,1341,1187.5
AVGO_MFI_28,1654,338,1309,1449,1187.5
NVDA_AO_5_34,1532,633,1538,1048,1187.75
META_ITS_18,1406,1232,453,1660,1187.75
SBUX_MACDh_24_52_18,1590,1138,1169,857,1188.5
COST_MACDh_24_52_18,1313,1110,937,1397,1189.25
META_UO_7_14_28,1802,13,1295,1648,1189.5
BKNG_PSARaf_0.02_0.2,462,1252,1283,1761,1189.5
META_MOM_50,1427,561,1120,1651,1189.75
QQQ_CG_10,1807,117,1612,1225,1190.25
GOOGL_SQZ_NO,916,1801,957,1091,1191.25
PYPL_ZS_40,1589,1418,1597,165,1192.25
QQQ_DMN_28,1740,120,1722,1191,1193.25
COST_MACDs_24_52_18,1422,960,1025,1368,1193.75
QQQ_FISHERT_18_1,1493,682,1456,1147,1194.5
AAPL_SQZ_NO,983,1534,958,1304,1194.75
META_DCU_40_40,1224,1437,540,1579,1195.0
MDLZ_MACDs_24_52_18,1260,1306,1427,788,1195.25
AVGO_DCL_40_40,1117,1344,920,1401,1195.5
QQQ_RSI_28,1808,532,1259,1188,1196.75
BKNG_SUPERTl_14_4.0,861,1452,1839,639,1197.75
CMCSA_HMA_50,1380,1191,759,1462,1198.0
NVDA_BBB_40_2.0,1571,917,1261,1043,1198.0
META_WMA_50,1249,1473,451,1621,1198.5
MDLZ_SUPERTd_14_4.0,1153,1756,1057,830,1199.0
BKNG_SUPERT_14_4.0,867,1454,1838,641,1200.0
BKNG_ZS_40,883,1624,1655,645,1201.75
META_ISB_52,1230,1240,679,1661,1202.5
AAPL_DMP_28,1013,910,1763,1125,1202.75
SBUX_VTXM_28,1426,848,1742,803,1204.75
CMCSA_BBM_40_2.0,656,1821,860,1486,1205.75
AVGO_STOCHk_28_6_3,1585,212,1303,1723,1205.75
GOOGL_VTXM_28,1434,1141,1221,1031,1206.75
TSLA_ISA_18,334,1170,1729,1596,1207.25
AAPL_SUPERTd_14_4.0,1021,1486,1154,1169,1207.5
GOOGL_DMN_28,1716,316,1723,1080,1208.75
GOOGL_ENTP_20,918,1378,1511,1029,1209.0
AVGO_ROC_30,1577,551,1302,1416,1211.5
META_HMA_50,1250,1411,542,1644,1211.75
PEP_SUPERTl_14_4.0,1258,1579,482,1537,1214.0
CSCO_PSARr_0.02_0.2,709,1403,1007,1739,1214.5
TXN_FISHERTs_18_1,1672,1085,1396,706,1214.75
PEP_KAMA_10_2_30,1288,1560,459,1554,1215.25
TSLA_CCI_20_0.015,1261,824,1181,1600,1216.5
GOOG_VTXM_28,1550,922,1466,930,1217.0
PEP_EMA_50,1118,1698,529,1529,1218.5
CMCSA_PSARl_0.02_0.2,674,1781,923,1496,1218.5
CMCSA_volume,1782,68,1561,1466,1219.25
MSFT_STOCHk_28_6_3,1748,245,1554,1334,1220.25
GILD_BBL_40_2.0,1623,999,1675,586,1220.75
BKNG_OBV,1753,704,1784,643,1221.0
AMZN_STOCHd_28_6_3,1524,839,1256,1266,1221.25
ADBE_ADX_28,1639,1193,1730,328,1222.5
PYPL_PSARaf_0.02_0.2,516,1422,1168,1786,1223.0
AMZN_SUPERTd_14_4.0,1053,1645,1077,1118,1223.25
QQQ_ZS_40,1689,672,1399,1141,1225.25
QCOM_SUPERTd_14_4.0,1194,1426,1529,752,1225.25
AVGO_ISB_52,1096,1726,517,1564,1225.75
GOOGL_ZS_40,917,1658,1298,1030,1225.75
BKNG_BBM_40_2.0,854,1599,1829,627,1227.25
CMCSA_ISA_18,533,1332,1541,1505,1227.75
META_DCL_40_40,1221,1511,602,1581,1228.75
PEP_SUPERT_14_4.0,1275,1462,643,1535,1228.75
AVGO_VWMA_50,1140,1662,396,1725,1230.75
PEP_DCL_40_40,1255,1527,603,1543,1232.0
TXN_ZS_40,1488,1245,1496,702,1232.75
META_WILLR_14,1702,115,1470,1649,1234.0
GILD_MFI_28,1673,936,1739,589,1234.25
NVDA_VWAP_D,1237,1495,567,1640,1234.75
NVDA_LDECAY_10,1243,1488,578,1633,1235.5
GILD_DCM_40_40,1030,1573,1736,607,1236.5
BKNG_DCM_40_40,904,1590,1834,618,1236.5
GILD_HMA_50,1055,1615,1630,647,1236.75
BKNG_DCL_40_40,905,1591,1836,619,1237.75
BKNG_KCBe_40_3.0,907,1593,1831,621,1238.0
COST_CCI_20_0.015,1487,821,1281,1364,1238.25
NFLX_PSARaf_0.02_0.2,1537,497,1123,1796,1238.25
AAPL_VTXM_28,1769,382,1507,1299,1239.25
TSLA_CMF_30,1542,213,1495,1709,1239.75
BKNG_DCU_40_40,903,1589,1828,642,1240.5
TSLA_ADOSC_5_17,1821,130,1307,1708,1241.5
TSLA_WMA_50,442,1183,1734,1609,1242.0
NVDA_ENTP_20,497,1384,1460,1629,1242.5
CSCO_PSARaf_0.02_0.2,1398,890,948,1736,1243.0
META_BBP_40_2.0,1735,464,1194,1586,1244.75
TSLA_RVI_14,1635,311,1343,1693,1245.5
AAPL_FISHERTs_18_1,1535,780,1365,1302,1245.5
GILD_DCL_40_40,975,1574,1825,608,1245.5
NVDA_SUPERTd_14_4.0,930,1826,1171,1058,1246.25
GILD_SUPERTs_14_4.0,1072,1542,1801,571,1246.5
BKNG_LDECAY_10,884,1627,1815,660,1246.5
MSFT_FISHERTs_18_1,1479,684,1591,1235,1247.25
PEP_BBM_40_2.0,1294,1568,577,1551,1247.5
COST_ADX_28,1305,585,1735,1367,1248.0
GILD_IKS_52,1080,1547,1789,576,1248.0
META_volume,1628,100,1640,1624,1248.0
AVGO_MACDh_24_52_18,1682,364,1228,1721,1248.75
META_STOCHd_28_6_3,1404,571,1364,1663,1250.5
TSLA_ENTP_20,1757,708,835,1703,1250.75
META_ENTP_20,1614,506,1299,1593,1253.0
MSFT_BBP_40_2.0,1804,689,1270,1254,1254.25
NVDA_STOCHd_28_6_3,1484,1057,1469,1009,1254.75
CSCO_SQZ_OFF,760,1532,993,1737,1255.5
CSCO_SQZ_ON,758,1529,1003,1738,1257.0
CSCO_PSARs_0.02_0.2,1541,1404,1679,412,1259.0
META_MACD_24_52_18,1252,1351,793,1645,1260.25
COST_FISHERTs_18_1,1428,1065,1173,1375,1260.25
META_IKS_52,1228,1691,465,1659,1260.75
QQQ_PSARr_0.02_0.2,1620,678,996,1750,1261.0
AAPL_STOCHd_28_6_3,1637,1044,1218,1145,1261.0
QQQ_VTXP_28,1330,1244,1329,1143,1261.5
META_SUPERTs_14_4.0,1207,1656,530,1654,1261.75
MSFT_SQZ_NO,1092,1746,974,1237,1262.25
PEP_BBB_40_2.0,1353,1279,877,1549,1264.5
AMGN_SQZ_ON,545,1641,1083,1791,1265.0
BKNG_PSARs_0.02_0.2,1617,989,1821,636,1265.75
AMGN_SQZ_OFF,548,1642,1080,1793,1265.75
TSLA_UO_7_14_28,1697,57,1583,1727,1266.0
TSLA_SMA_100,369,1282,1809,1611,1267.75
TSLA_KAMA_10_2_30,1417,984,941,1729,1267.75
NVDA_MACDs_24_52_18,1312,1054,1690,1016,1268.0
AAPL_ZS_40,1734,906,1137,1298,1268.75
CMCSA_SQZ_ON,559,1669,1070,1778,1269.0
GOOGL_VTXP_28,1309,1113,1622,1032,1269.0
MSFT_SUPERTd_14_4.0,1035,1424,1293,1326,1269.5
META_KCBe_40_3.0,1773,1329,395,1583,1270.0
PEP_FISHERTs_18_1,1357,700,1556,1476,1272.25
TSLA_STOCHk_28_6_3,1633,231,1632,1598,1273.5
META_ISA_18,1231,1602,600,1662,1273.75
META_CMF_30,1626,219,1676,1576,1274.25
TSLA_DCU_40_40,378,1341,1688,1691,1274.5
AVGO_HMA_50,1139,1736,518,1713,1276.5
QCOM_SQZ_ON,561,1727,1051,1770,1277.25
AMZN_CCI_20_0.015,1560,759,1524,1269,1278.0
NFLX_PSARr_0.02_0.2,816,1484,1017,1797,1278.5
META_VWMA_50,1251,1816,429,1620,1279.0
AAPL_PSARaf_0.02_0.2,1653,719,992,1752,1279.0
INTC_ADX_28,1663,1392,1702,361,1279.5
PEP_STOCHd_28_6_3,1431,1051,1121,1516,1279.75
META_SUPERT_14_4.0,1204,1729,531,1657,1280.25
PYPL_SQZ_ON,615,1592,1102,1813,1280.5
MSFT_ZS_40,1545,1002,1330,1245,1280.5
META_OBV,1572,701,1285,1565,1280.75
ADBE_PSARaf_0.02_0.2,1516,711,1071,1826,1281.0
INTC_PSARr_0.02_0.2,759,1596,1000,1772,1281.75
CMCSA_BBL_40_2.0,654,1820,1170,1487,1282.75
CMCSA_SQZ_OFF,560,1673,1119,1779,1282.75
PEP_MOM_50,1318,813,1442,1559,1283.0
COST_ZS_40,1198,1376,1106,1453,1283.25
QCOM_SQZ_OFF,564,1728,1074,1769,1283.75
PYPL_PSARr_0.02_0.2,681,1647,1024,1789,1285.25
PYPL_SQZ_OFF,614,1621,1103,1815,1288.25
GOOGL_MFI_28,940,1483,1635,1097,1288.75
NVDA_VTXP_28,1407,453,1667,1632,1289.75
PEP_MACD_24_52_18,1700,289,1649,1525,1290.75
MSFT_DMN_28,1797,451,1578,1337,1290.75
QCOM_PSARaf_0.02_0.2,1504,806,1086,1768,1291.0
META_ROC_30,1816,244,1457,1650,1291.75
TXN_SQZ_OFF,744,1649,947,1829,1292.25
META_AO_5_34,1570,1133,822,1646,1292.75
GOOG_PSARaf_0.02_0.2,1401,1006,934,1831,1293.0
INTC_SQZ_ON,702,1435,1200,1839,1294.0
NVDA_SQZ_20_2.0_20_1.5,1454,1111,978,1637,1295.0
COST_VTXM_28,1824,651,1262,1452,1297.25
COST_BBB_40_2.0,1161,914,1720,1395,1297.5
AAPL_ADOSC_5_17,1779,393,1717,1310,1299.75
AMZN_DMN_28,1809,343,1780,1270,1300.5
SBUX_SQZ_OFF,549,1817,1034,1803,1300.75
COST_SUPERTd_14_4.0,1175,1767,912,1354,1302.0
PEP_VTXP_28,1424,905,1406,1474,1302.25
META_close,1737,1386,463,1625,1302.75
CMCSA_AO_5_34,650,1739,1344,1490,1305.75
ISRG_SQZ_ON,972,1440,998,1814,1306.0
PEP_SQZ_NO,1232,1581,956,1478,1311.75
AAPL_SQZ_OFF,982,1531,980,1755,1312.0
AVGO_ADOSC_5_17,1803,337,1666,1450,1314.0
TSLA_FISHERTs_18_1,1721,229,1618,1696,1316.0
ISRG_SQZ_OFF,937,1439,1072,1818,1316.5
TXN_SQZ_ON,739,1650,1035,1842,1316.5
META_SUPERTl_14_4.0,1206,1720,686,1655,1316.75
TSLA_MFI_28,1829,578,1157,1705,1317.25
GILD_OBV,1781,1098,1787,604,1317.5
MSFT_STOCHd_28_6_3,1658,640,1646,1333,1319.25
BKNG_KAMA_10_2_30,1674,1156,1818,629,1319.25
META_VTXP_28,1615,630,1447,1590,1320.5
MSFT_PSARaf_0.02_0.2,1070,1269,1160,1787,1321.5
TXN_PSARr_0.02_0.2,817,1730,1004,1740,1322.75
AVGO_SQZ_NO,1183,1706,959,1444,1323.0
GILD_SQZ_ON,1020,1563,928,1782,1323.25
NVDA_SQZ_OFF,1240,1242,1006,1808,1324.0
BKNG_SQZ_ON,892,1605,1038,1762,1324.25
CMCSA_SUPERTd_14_4.0,671,1771,1363,1499,1326.0
GILD_SQZ_OFF,1019,1562,938,1785,1326.0
PEP_CMF_30,1443,460,1603,1801,1326.75
NVDA_SQZ_NO,1242,1461,969,1636,1327.0
BKNG_SQZ_OFF,891,1606,1061,1759,1329.25
INTC_SQZ_OFF,701,1441,1335,1840,1329.25
BKNG_PSARr_0.02_0.2,1386,1159,1014,1760,1329.75
GILD_PSARr_0.02_0.2,997,1538,1001,1783,1329.75
TSLA_NVI_255,1129,1842,658,1698,1331.75
COST_SQZ_NO,1163,1815,975,1377,1332.5
AMZN_ZS_40,894,1784,1664,996,1334.5
ADBE_SQZ_ON,786,1674,1053,1830,1335.75
TSLA_PSARr_0.02_0.2,1273,1262,1021,1792,1337.0
AAPL_SQZ_ON,981,1551,1062,1754,1337.0
ADBE_SQZ_OFF,789,1661,1078,1821,1337.25
NFLX_BBB_40_2.0,844,1497,1213,1800,1338.5
GOOG_PSARr_0.02_0.2,857,1721,1031,1749,1339.5
QQQ_PSARaf_0.02_0.2,577,1769,1178,1841,1341.25
TSLA_HMA_50,1281,820,1660,1608,1342.25
QQQ_ADX_28,1534,990,1656,1193,1343.25
AVGO_ENTP_20,1185,1369,1386,1437,1344.25
QCOM_PSARr_0.02_0.2,1373,1214,1030,1767,1346.0
PEP_MACDh_24_52_18,1343,1062,1458,1524,1346.75
META_MACDh_24_52_18,1253,1639,852,1647,1347.75
TSLA_RSI_28,1378,911,1509,1599,1349.25
MSFT_FISHERT_18_1,1602,974,1585,1236,1349.25
TSLA_ZS_40,1310,1129,1258,1702,1349.75
MSFT_PSARr_0.02_0.2,1071,1515,1026,1788,1350.0
AMZN_SQZ_ON,888,1635,1073,1812,1352.0
PEP_SUPERTd_14_4.0,1272,1460,1141,1536,1352.25
PEP_ROC_30,1396,804,1653,1558,1352.75
GOOGL_SQZ_ON,914,1631,1046,1825,1354.0
NFLX_SQZ_ON,829,1747,1043,1798,1354.25
AMZN_ADX_28,1044,1319,1795,1260,1354.5
TSLA_VWAP_D,1095,1765,866,1704,1357.5
INTC_PSARaf_0.02_0.2,1413,953,1294,1771,1357.75
PEP_ENTP_20,1468,902,1590,1471,1357.75
GOOG_ADX_28,1528,1414,1516,981,1359.75
NFLX_SQZ_OFF,807,1749,1084,1799,1359.75
TXN_PSARaf_0.02_0.2,1301,1104,1198,1838,1360.25
TSLA_SUPERTs_14_4.0,1268,1459,985,1734,1361.5
TSLA_BBP_40_2.0,1506,943,1323,1687,1364.75
GOOG_SQZ_OFF,874,1753,1018,1817,1365.5
NVDA_FISHERTs_18_1,1693,816,1333,1634,1369.0
AMZN_SQZ_OFF,889,1657,1136,1811,1373.25
GOOG_SQZ_ON,873,1754,1050,1816,1373.25
AAPL_ADX_28,1835,827,1706,1126,1373.5
QQQ_SQZ_OFF,986,1752,935,1827,1375.0
ADBE_PSARr_0.02_0.2,1322,1423,1022,1746,1378.25
SBUX_SQZ_ON,1346,1312,1059,1802,1379.75
META_FISHERTs_18_1,1788,552,1615,1567,1380.5
MSFT_ADX_28,996,1455,1733,1339,1380.75
TSLA_STOCHd_28_6_3,1304,1187,1436,1597,1381.0
ISRG_PSARr_0.02_0.2,1226,1521,1032,1747,1381.5
META_SUPERTd_14_4.0,1205,1724,942,1656,1381.75
TSLA_SQZ_NO,1132,1762,961,1674,1382.25
QQQ_SQZ_ON,1086,1638,981,1828,1383.25
GOOGL_SQZ_OFF,915,1780,1016,1824,1383.75
NVDA_VTXM_28,1659,580,1668,1631,1384.5
PEP_SQZ_ON,1247,1628,919,1745,1384.75
AAPL_PSARr_0.02_0.2,1448,1309,1033,1753,1385.75
AMZN_PSARr_0.02_0.2,1057,1719,1028,1748,1388.0
GOOGL_PSARaf_0.02_0.2,959,1617,1142,1835,1388.25
TSLA_FISHERT_18_1,1133,1108,1602,1711,1388.5
AVGO_PSARr_0.02_0.2,1106,1705,1005,1756,1393.0
TSLA_KCUe_40_3.0,1350,819,1744,1680,1398.25
NVDA_PSARaf_0.02_0.2,935,1741,1088,1832,1399.0
TSLA_ITS_18,1519,1249,1237,1594,1399.75
COST_PSARs_0.02_0.2,1341,1091,1824,1350,1401.5
ISRG_PSARaf_0.02_0.2,1368,1325,1107,1807,1401.75
MSFT_SQZ_OFF,1091,1744,943,1833,1402.75
META_SQZ_NO,1290,1789,972,1569,1405.0
META_MFI_28,1227,1291,1535,1574,1406.75
PEP_ADX_28,1766,586,1772,1510,1408.5
AVGO_SUPERTd_14_4.0,1101,1689,1433,1422,1411.25
MDLZ_PSARaf_0.02_0.2,1366,1302,1219,1763,1412.5
PEP_ZS_40,1323,1161,1695,1472,1412.75
PEP_SQZ_OFF,1241,1629,1040,1742,1413.0
TSLA_SQZ_OFF,1131,1758,990,1790,1417.25
PEP_PSARaf_0.02_0.2,1269,1528,1134,1743,1418.5
CMCSA_MACD_24_52_18,1397,1199,1620,1460,1419.0
MDLZ_SQZ_OFF,1143,1774,997,1765,1419.75
MDLZ_PSARr_0.02_0.2,1156,1751,1012,1764,1420.75
TSLA_BBU_40_2.0,1564,693,1738,1689,1421.0
TSLA_SUPERT_14_4.0,1265,991,1701,1735,1423.0
META_SQZ_OFF,1291,1558,1010,1837,1424.0
AVGO_ZS_40,1184,1654,1420,1438,1424.0
META_SQZ_ON,1292,1552,1020,1836,1425.0
TSLA_SQZ_ON,1130,1757,1045,1794,1431.5
MSFT_SQZ_ON,1090,1763,1041,1834,1432.0
MDLZ_SQZ_ON,1144,1775,1058,1766,1435.75
COST_SQZ_ON,1165,1783,1027,1773,1437.0
TSLA_KCLe_40_3.0,1340,940,1796,1682,1439.5
NVDA_SQZ_ON,1239,1672,1044,1809,1441.0
COST_PSARaf_0.02_0.2,1410,1380,1203,1776,1442.25
CMCSA_ADX_28,1465,1200,1691,1457,1453.25
AVGO_SQZ_OFF,1182,1692,1118,1822,1453.5
META_PSARr_0.02_0.2,1211,1833,1023,1758,1456.25
GILD_ENTP_20,1372,1036,1750,1673,1457.75
COST_SQZ_OFF,1164,1793,1109,1774,1460.0
TSLA_ADX_28,1758,913,1566,1603,1460.0
META_ZS_40,1282,1557,1443,1592,1468.5
AVGO_SQZ_ON,1181,1777,1116,1823,1474.25
TSLA_PSARs_0.02_0.2,1271,1164,1757,1715,1476.75
AVGO_DMN_28,1696,727,1791,1716,1482.5
TSLA_BBL_40_2.0,1277,1148,1800,1710,1483.75
AVGO_STOCHd_28_6_3,1656,1069,1497,1731,1488.25
TSLA_PSARaf_0.02_0.2,1563,1261,1357,1795,1494.0
TSLA_EMA_50,1293,1283,1802,1610,1497.0
TSLA_IKS_52,1264,1250,1806,1671,1497.75
TSLA_SUPERTd_14_4.0,1266,1526,1547,1722,1515.25
TSLA_SUPERTl_14_4.0,1334,1253,1766,1724,1519.25
TSLA_BBM_40_2.0,1278,1324,1788,1690,1520.0
TSLA_DCL_40_40,1122,1490,1798,1679,1522.25
AVGO_ADX_28,1790,1082,1555,1718,1536.25
TSLA_DCM_40_40,1200,1630,1713,1678,1555.25
TSLA_VWMA_50,1279,1580,1804,1607,1567.5
TSLA_ISB_52,1787,1168,1779,1595,1582.25
